,Country,Country Code,City,Region,Address,Website,Phone #s,Instructor,Latitude,Longitude,Geocode Type,Google Address
0,DENMARK,DK,Ikast,Ikast,NEW!!!  The Heart Ikast & Brande Bøgildvej 2 7430 Ikast Denmark,http://www.kswikast.com ,21 47 32 57,Instr. Phil Brooks,56.1367943,9.1273999,ROOFTOP,"Bøgildvej 2, 7430 Ikast, Denmark"
1,U.S.A.,US,Crystal Lake,Illinois,"Mc Henry County College 8900 US Hwy 14 Crystal Lke, IL 60012",,(847) 962-8600,PKJN Tim Seitz,42.26001979999999,-88.3685333,ROOFTOP,"8900 US-14, Crystal Lake, IL 60012, USA"
2,U.S.A.,US,Galesburg,Illinois,"415 East Main Street Galesburg, IL 61401",,(309) 342-6222,JDKJN Ed Sanchez,40.947592,-90.3643311,ROOFTOP,"415 E Main St, Galesburg, IL 61401, USA"
3,U.S.A.,US,Gurnee,Illinois,4628 Old Grand Ave Gurnee. IL 60031,,(847) 962-8600,PKJN Tim Seitz,42.3719846,-87.9187721,RANGE_INTERPOLATED,"4628 Old Grand Ave, Gurnee, IL 60031, USA"
4,U.S.A.,US,Knoxville,Illinois,"220 West Side Public Square Knoxville, Il 61448",,(309) 289-9757,PKJN Joshua Smith,40.9083715,-90.28484759999999,APPROXIMATE,"Knoxville, IL, USA"
5,U.S.A.,US,Monmouth,Illinois,"NEW location! 1135 S. Main Street Monmouth, IL 61462",,(309) 335-5697,Inst. Randy Timmerman,40.89924269999999,-90.6482394,ROOFTOP,"1135 S Main St, Monmouth, IL 61462, USA"
6,U.S.A.,US,Normal,Illinois,"NEW!!! 802 S. Eldorado Road Suite A3 Bloomington, IL 61704",,(309) 229-1551,Inst. Megan Farris,40.4700525,-88.95208470000001,ROOFTOP,"802 S Eldorado Rd A3, Bloomington, IL 61704, USA"
7,U.S.A.,US,Pekin,Illinois,"NEW Location! 122 S. 14th Street Pekin, IL 61554",http://www.kuksoolwonofpekin.com,(309) 346-3466,Inst. Michael Yates,40.5665985,-89.6310192,ROOFTOP,"122 S 14th St, Pekin, IL 61554, USA"
8,U.S.A.,US,Peoria,Illinois,"5221 N. Big Hollow Road Peoria, IL 61615",http://www.kswofpeoria.net/,(309) 692-0144,PKJN Ben Mitchell,40.7513381,-89.6366572,ROOFTOP,"5221 N Big Hollow Rd, Peoria, IL 61615, USA"
9,U.S.A.,US,Washington,Illinois,"NEW!! 1227 Peoria Street Washington, IL 61571",,(309) 292-7101,Inst. Troi Westbrook,40.70333309999999,-89.4260867,ROOFTOP,"1227 Peoria St, Washington, IL 61571, USA"
10,U.S.A.,US,Connersville,Indiana,"3542 Western Ave Connersville, IN 47331",,(765) 993-8315,Inst.Benjamin Klein,39.67671,-85.137948,ROOFTOP,"3542 Western Ave, Connersville, IN 47331, USA"
11,U.S.A.,US,Muncie,Indiana,"2190 West White River Bend Blvd. Suite B Muncie, IN 47303",,(765) 212-2591,Inst. Ken Ring,40.1870315,-85.4114203,ROOFTOP,"2190 W White River Blvd Suite B, Muncie, IN 47303, USA"
12,U.S.A.,US,Richmond,Indiana,"2023 Chester Blvd (YMCA) Richmond, IN 47374",,(765) 969-3334,PKJN Gary Phillips,39.815155,-84.88579179999999,ROOFTOP,"1215 S J St, Richmond, IN 47374, USA"
13,U.S.A.,US,Bettendorf,Iowa,"1018 Spruce Hills Dr Bettendorf, IA 52722",,(563) 505-5289,JIKJN Jeff Green,41.5547403,-90.51666349999999,ROOFTOP,"1018 Spruce Hills Dr, Bettendorf, IA 52722, USA"
14,U.S.A.,US,Le Claire,Iowa,"427 North 3rd Street Le Claire, IA 52753",,(563) 505-5289,JIKJN Jeff Green,41.6013233,-90.3467074,ROOFTOP,"427 N 3rd St, Le Claire, IA 52753, USA"
15,U.S.A.,US,Burton,Michigan,"5515 Davison Rd #7 Burton, MI 48509",http://www.kswflint.com,(810) 908-2659,PKJN Ken Wright,43.034365,-83.59671469999999,ROOFTOP,"5515 Davison Rd #7, Burton, MI 48509, USA"
16,U.S.A.,US,Madison Heights,Michigan,"26751 John Road Madison Heights, MI 48071",http://www.kswofmadisonheights.com,(248) 291-7157,Inst. Gehrik Mohr,42.4897503,-83.1054858,ROOFTOP,"26751 John R Rd, Madison Heights, MI 48071, USA"
17,U.S.A.,US,Sault Ste. Marie,Michigan,"1200 Ryan Street Sault Ste. Marie, MI 49783",http://www.kuksoolwonsault.com/,(906) 630-1929,JIKJN Karl Stolt,46.4900404,-84.3595776,ROOFTOP,"1200 Ryan Ave, Sault Ste. Marie, MI 49783, USA"
18,U.S.A.,US,Spring Lake,Michigan,"14700 State Rd Springlake, MI 49456",,(616) 795-3048,Inst. Sam Ferrell,43.0863101,-86.15307729999999,ROOFTOP,"14700 State Rd, Spring Lake, MI 49456, USA"
19,U.S.A.,US,St. Paul,Minnesota,"800 Transfer Road #34 St. Paul, MN 55104",http://www.stpaulksw.com,(651) 645-1455,PKJN. Steffen Kellogg,44.9651852,-93.18500399999999,ROOFTOP,"800 Transfer Rd #34, St Paul, MN 55114, USA"
20,U.S.A.,US,O' Fallon,Missouri,"929 N. Main St. O' Fallon, MO 63366",,(636) 978-5425,PKJN. Kelly  Fleites,38.82086049999999,-90.7002552,ROOFTOP,"929 N Main St, O'Fallon, MO 63366, USA"
21,U.S.A.,US,St. Louis,Missouri,"#1 East Sutters Mill Road St. Peters, MO 63376",,(636) 928-0035,JDKJN Jack Harvey,38.7791114,-90.5774812,ROOFTOP,"1 Sutters Mill Rd, St Peters, MO 63376, USA"
22,U.S.A.,US,Cleveland,Ohio,"Cleveland Heights Recreation Center 1 Montecello Blvd.  Cleveland Heights, OH 44118",http://kswcle.com/,(216) 501-3063,Inst. David Pritts,41.49932,-81.6943605,APPROXIMATE,"Cleveland, OH, USA"
23,U.S.A.,US,Dayton,Ohio,"New location! 250 N. Cassel Road Vandalia, OH 45377",,(937) 836-2149,Inst. Cindy Redolfi,39.8963847,-84.1690173,ROOFTOP,"250 N Cassel Rd, Vandalia, OH 45377, USA"
24,U.S.A.,US,Kirtland,Ohio,"7900 Euclid Chardon Road Kirtland, OH 44094",http://kswcle.com/,(216) 501-3063,Inst. David Pritts,41.582322,-81.36097199999999,ROOFTOP,"7900 Euclid Chardon Rd, Kirtland, OH 44094, USA"
25,U.S.A.,US,Streetsboro,Ohio,"New Location! 9307 State Route 43 Streetsboro, OH 44241",http://kswcle.com/,(440) 336-2833,PKJN Bob Williams,41.2440197,-81.3459144,ROOFTOP,"9307 OH-43, Streetsboro, OH 44241, USA"
26,U.S.A.,US,Madison,Wisconsin,"University of Wisconsin Eagle Heights Community Center 611 Eagle Heights Madison, WI  53705",,(281) 253-7944,Inst. Max Magee,43.0730517,-89.4012302,APPROXIMATE,"Madison, WI, USA"
27,U.S.A.,US,"Williston, ND",Wisconsin,"NEW!!! 10 Main Street Williston, ND 58801",,(612) 387-0393,Inst.Audrey Kalil,48.1438705,-103.6206436,ROOFTOP,"10 Main St, Williston, ND 58801, USA"
28,U.S.A.,US,Washington,District Of Columbia,605 Rhode Island Avenue NE Washigton DC 20019,,(301) 801-4398,Inst. Russell Moore,38.9203348,-76.99769700000002,ROOFTOP,"605 Rhode Island Ave NE, Washington, DC 20002, USA"
29,U.S.A.,US,Capitol Heights,Maryland,"7905 Central Ave Capitol Heights, MD 20743",,(202) 437-2548,PKJN. Marlin Godfrey,38.8885986,-76.8694611,ROOFTOP,"7905 Central Ave, Capitol Heights, MD 20743, USA"
30,U.S.A.,US,N. Laurel,Maryland,"North Laurel Community Center 9411 Whiskey Botton Rd Laurel, MD 20723",,(301) 509-2030,Inst. Darren Fulmore,39.1161362,-76.8361479,ROOFTOP,"9411 Whiskey Bottom Rd, Laurel, MD 20723, USA"
31,U.S.A.,US,Prince Frederick,Maryland,"NEW!!! 3170 German Chapel Road Prince Frederick, MD 20678",,(443) 624-1808,Inst. Andrew Eason,38.5251411,-76.6157283,ROOFTOP,"3170 German Chapel Rd, Prince Frederick, MD 20678, USA"
32,U.S.A.,US,Clinton,Massachusetts,"386 High St Clinton, MA 01510",http://www.kuksoolma.com/,(978) 706-1779,Inst. Kenneth Schalk,42.4225752,-71.6839306,ROOFTOP,"386 High St, Clinton, MA 01510, USA"
33,U.S.A.,US,Saratoga Springs,New York,"54 Weibel Ave   Saratoga Springs, NY  12866",,(518) 242-9968,Inst. Jason Tetu,43.0967726,-73.7448247,RANGE_INTERPOLATED,"54 Weibel Ave, Saratoga Springs, NY 12866, USA"
34,U.S.A.,US,Webster,New York,"396 Route 104 Ontario, NY 14519",http://www.kuksoolny.com,(585) 216-2122,JDKJN Gary Evarts,43.2247422,-77.359948,ROOFTOP,"396 NY-104, Ontario, NY 14519, USA"
35,U.S.A.,US,Williamson,New York,"4081 West Main Street Williamson, NY 14589",http://www.kuksoolny.com,(315) 589-4066,JDKJN Gary Evarts,43.22391,-77.1868255,ROOFTOP,"4081 Main St, Williamson, NY 14589, USA"
36,U.S.A.,US,Wolcott,New York,"11807 West Main Street Wolcott, NY 14590",,(315) 594-8991,JIKJN Joseph Burnett,43.2238496,-76.8244564,RANGE_INTERPOLATED,"11807 W Main St, Wolcott, NY 14590, USA"
37,U.S.A.,US,Greensboro,North Carolina,"N.C. A&T State University 1601 East Market Street Greensboro, NC 27411",,,PKJN Steve Hurley,36.0721142,-79.7744842,ROOFTOP,"120, Gibbs Hall, 1601 E Market St, Greensboro, NC 27411, United States"
38,U.S.A.,US,Luke AFB,Arizona,"NEW!!! Luke AFB Bryant Fitness Center & Youth Center 14185 West Falcon Street Glendale, AZ 85309",,(623) 337-0258,Inst. Angela Hoikka,33.5338846,-112.3599483,ROOFTOP,"14053 W Shooting Star, Glendale, AZ 85309, USA"
39,U.S.A.,US,Phoenix,Arizona,"NEW!!! 126 W. Desert Hills Phoenix, AZ 85086",,(623) 337-0258,Inst. Angela Hoikka,33.8442426,-112.077119,ROOFTOP,"126 W Desert Hills Dr, Phoenix, AZ 85086, USA"
40,U.S.A.,US,Surprise/ Sun Ciity West,Arizona,"NEW!!! 14465 RH Johnson Blvd Sun City West, AZ 85375",https://chamberorganizer.com/surprise/mem_kuksoolwon,(623) 518-0056,JIKJN Terry Heaps,33.6694225,-112.3706139,ROOFTOP,"14465 W R H Johnson Blvd, Sun City West, AZ 85375, USA"
41,U.S.A.,US,Berkeley,California,"2438 Sacramento Street Berkeley, CA",,(510) 540-8070,JDKJN Tom Brewer,37.8625611,-122.2814939,ROOFTOP,"2438 Sacramento St, Berkeley, CA 94702, USA"
42,U.S.A.,US,DIXON,California,"201 SOUTH FIFTH ST DIXON, CA 95620",,(530) 908-0756,Inst. Tiffany Bunn,38.444632,-121.81705,ROOFTOP,"201 S 5th St, Dixon, CA 95620, USA"
43,U.S.A.,US,Dublin,California,"4558 Dublin Blvd. Dublin, CA 94568",http://www.kuksoolwonofdublin.com ,(925) 551-8200,JIKJN Seyd Saidi,37.7048401,-121.8811595,ROOFTOP,"4558 Dublin Blvd, Dublin, CA 94568, USA"
44,U.S.A.,US,El Dorado Hills,California,"2222 Francisco Blvd. El Dorado Hills, CA 95762",http://www.kuksoolwonplacerville.com/,(530) 642-9031,PKJN Justin Painter,38.710469,-121.0863537,ROOFTOP,"600, 2222 Francisco Dr, El Dorado Hills, CA 95762, USA"
45,U.S.A.,US,Gold Country,California,"127 Argall Way Nevada City, CA 95959",http://www.goldcountrykuksoolwon.com/,(530) 478-1412,JIKJN Tony Reyna,39.2523558,-121.024882,ROOFTOP,"127 Argall Way, Nevada City, CA 95959, USA"
46,U.S.A.,US,Half Moon Bay,California,"432- B Main St Half Moon Bay, CA 94019",,(650) 726-4132,JIKJN Paul Carmody,37.464039,-122.429332,ROOFTOP,"432B Main St, Half Moon Bay, CA 94019, USA"
47,U.S.A.,US,Huntington Beach,California,"NEW!! Lake Park Clubhouse 1035 11th Street Huntington Beach, CA 92648",,(661) 644-6514,JIKJN Gene Gause,33.668639,-117.99919,ROOFTOP,"1035 11th St, Huntington Beach, CA 92648, USA"
48,U.S.A.,US,Lake Hughes,California,"17520 Lake Elizabeth Road Lake Hughes, CA 93532",http://lakesksw.com/,(661) 202-8085,PKJN David Collins,34.6730407,-118.4397326,ROOFTOP,"17520 Elizabeth Lake Rd, Lake Hughes, CA 93532, USA"
49,U.S.A.,US,Lincoln,California,"2010 First Street Lincoln, CA 95648",http://www.lincolnkuksoolwon.com,(916) 253-3801,Inst. John Santilena,38.8875157,-121.3144153,ROOFTOP,"2010 1st St, Lincoln, CA 95648, USA"
50,U.S.A.,US,Los Altos,California,"NEW LOCATION ! 347- 1 Street Los Altos, CA 94022",http://kswmountainview.com/,(650) 938-1553,JIKJN.David Hespelt,37.3766535,-122.1163769,ROOFTOP,"347 1st St, Los Altos, CA 94022, USA"
51,U.S.A.,US,Menlo Park,California,"Burgess Recreation Center 700 Alma Street Menlo Park, CA 94025",http://www.menlokuksool.com/,(650) 787-2226,PKJN. Kristin Quintana,37.4531634,-122.1777625,ROOFTOP,"700 Alma St, Menlo Park, CA 94025, USA"
52,U.S.A.,US,Millbrae,California,"30 Rollins Road Millbrae, CA 94030 (650) 692-KICK (5425)",http://www.Millbraemartialarts.com,,Inst. Dong Nguyen,37.5993939,-122.383542,ROOFTOP,"30 Rollins Rd, Millbrae, CA 94030, USA"
53,U.S.A.,US,Palmdale,California,"38218 6th Street East Palmdale, CA 93550",,(661) 947-3992;(661) 273-3235,PKJN Antony Kinzell,34.5756624,-118.1174228,ROOFTOP,"38218 6th St E, Palmdale, CA 93550, USA"
54,U.S.A.,US,Placerville,California,"5690 Motherlode Drive Placerville, CA 95667",http://www.kuksoolwonplacerville.com/,,PKJN Justin Painter,38.6800584,-120.8694712,RANGE_INTERPOLATED,"5690 Mother Lode Dr, Placerville, CA 95667, USA"
55,U.S.A.,US,Redwood City,California,"2135 Roosevelt Ave Redwood City, CA 94061",,(650) 368-2761,JDKJN Hafez Adle,37.4660599,-122.2410515,ROOFTOP,"2135 Roosevelt Ave, Redwood City, CA 94061, USA"
56,U.S.A.,US,Rohnert Park,California,"320 Professional Drive, #150 Rohnert Park, CA 94928",http://www.kuksoolwonrohnertpark.com,(707) 494-1151,PKJN Debra Taylor,38.3556738,-122.7067741,ROOFTOP,"320 Professional Center Dr #150, Rohnert Park, CA 94928, USA"
57,U.S.A.,US,Sacramento,California,"Mather Sports Complex 3755 Schriever Ave Mather, CA 95655",http://www.kswofsacramento.com,(916) 308-6577,PKJN. Kymberly Wadsworth,38.571255,-121.301653,ROOFTOP,"3755 Schriever Ave, Mather, CA 95655, USA"
58,U.S.A.,US,San Francisco,California,"NEW Location! 25 Lake Street San Francisco, CA 94118 415-868-KICK",http://www.kuksoolwonsf.com,,PKJN. Leora Goren,37.7867097,-122.4598082,ROOFTOP,"25 Lake St, San Francisco, CA 94118, USA"
59,U.S.A.,US,San Lorenzo,California,"17321 Hesperian Blvd. San Lorenzo, CA 94580",http://slzkuksoolwon.com,(510) 276-3834,JIKJN Seyd Saidi,37.6754299,-122.1245023,ROOFTOP,"17321 Hesperian Blvd, San Lorenzo, CA 94580, USA"
60,U.S.A.,US,San Mateo,California,"31 West 25th Avenue San Mateo, CA",http://www.smkuksool.com/index.htm,(650) 570-5991,JIKJN Tim Sheehan,37.5437417,-122.3064776,ROOFTOP,"31 W 25th Ave, San Mateo, CA 94403, USA"
61,U.S.A.,US,Santa Clarita,California,"27831 Smyth Drive Valencia, CA 91355",,(661) 523-3455,Inst. Sydney Albert,34.4395613,-118.5663097,ROOFTOP,"27831 Smyth Dr, Valencia, CA 91355, USA"
62,U.S.A.,US,Sherman Oaks,California,"New Location!  Sherman Oaks East Valley Adult Center 5056 Van Nuys Boulevard Van Nuys, CA 91403",http://www.nohomartialarts.com,(818) 859-2670,Inst. Christa Wilson,34.1631891,-118.44838,ROOFTOP,"5056 Van Nuys Blvd, Sherman Oaks, CA 91403, USA"
63,U.S.A.,US,Sylmar,California,"NEW!!! 13788A Foothill Blvd. Sylmar, CA 91342",,(818) 939-8800,Inst. Nathan Hemmens,34.3097432,-118.4335721,ROOFTOP,"13788 Foothill Blvd, Sylmar, CA 91342, USA"
64,U.S.A.,US,Visitacion Valley,California,"189 Leland Ave St San Fransico, CA",http://www.visvalleyksw.com,(415) 298-5360,Inst. Jorge Liberona,37.7124363,-122.4072425,ROOFTOP,"189 Leland Ave, San Francisco, CA 94134, USA"
65,U.S.A.,US,Wheatland,California,"420 Front Street Wheatland, CA 95692",http://www.kswwheatland.com/index.htm,(530) 713-2379,PKJN Rick Cairnes,39.0105021,-121.4227833,ROOFTOP,"420 Front St, Wheatland, CA 95692, USA"
66,U.S.A.,US,Woodland,California,"618 Cottonwood St. Woodland, CA",http://www.kswofwoodland.com/,(530) 406-0618,PKJN Justin Bunn,38.673522,-121.7944878,ROOFTOP,"618 Cottonwood St, Woodland, CA 95695, USA"
67,U.S.A.,US,Yuba City,California,"236 Bridge St. Yuba City, CA 95991",http://yckuksool.com,(530) 821-2275,PKJN Daniel Tejada,39.1373965,-121.6087783,ROOFTOP,"236 Bridge St, Yuba City, CA 95991, USA"
68,U.S.A.,US,Fort Smith (River Valley),Arkansas,"3112 Cavanaugh Road Fort Smith, AR 72903",http://www.kswoftherivervalley.com,(479) 649-3542,JIKJN Mike Gray,35.3112678,-94.4016202,ROOFTOP,"3112 Cavanaugh Rd, Fort Smith, AR 72908, USA"
69,U.S.A.,US,Ft. Smith,Arkansas,"University of Arkansas 5210 Grand Ave Ft Smith, AR 72913",,(479) 883-6456,JDKJN Jerry Sallee,35.3821461,-94.3738577,ROOFTOP,"5210 Grand Ave, Fort Smith, AR 72904, USA"
70,U.S.A.,US,Greenwood,Arkansas,"1507 Highway 10 Greenwood, AR",,(479) 806-4066,JIKJN Tim Nixon,35.2032531,-94.2823554,RANGE_INTERPOLATED,"1507 AR-10, Greenwood, AR 72936, USA"
71,U.S.A.,US,Jacksonville,Arkansas,"210 Martin St Jacksonville, AR 72076",,(501) 952-0423,PKJN Cleo Randall,34.8662005,-92.1101458,APPROXIMATE,"Jacksonville, AR, USA"
72,U.S.A.,US,Mountainburg,Arkansas,"NEW! Baptist Church 220 Elm Street Mountainburg, AR 72946",,(479) 883-6456,JDKJN Jerry Sallee,35.6356396,-94.167428,APPROXIMATE,"Mountainburg, AR 72946, USA"
73,U.S.A.,US,Rogers,Arkansas,"4106 Honeysuckle Rogers, AR 72758",http://www.kuksoolwon-rogers.com,(479) 986-8000,PKJN Eric Spivey,36.2829494,-94.1274692,ROOFTOP,"4106 Honeysuckle Ln, Rogers, AR 72758, USA"
74,U.S.A.,US,Hurlburt Field,Florida,"Aderholt Fitness Center 259 Tully Street - Bldg 90517 Hurlburt Field, FL 32544",http://www.kuksoolwon-hurlburt.com/,(850) 543-1986;(407) 443-3387,PKJN Amado Garcia,30.4230603,-86.7053961,ROOFTOP,"259 Tully St, Hurlburt Field, FL 32544, USA"
75,U.S.A.,US,Palm Coast,Florida,"NEW!!! Belle Terre Swim and Racquet Club 73 Patricia Drive Palm Coast, FL 32164",,(315) 729-2202,PKJN Tim Webster,29.5389158,-81.2211286,ROOFTOP,"73 Patricia Dr, Palm Coast, FL 32164, USA"
76,U.S.A.,US,Gretna,Louisiana,"835 Gretna Blvd Gretna, LA 70053",http://www.kuksoolwonofgretna.com,(504) 365-0111,Inst. Ryan Tardiff,29.89636,-90.04982,ROOFTOP,"835 Gretna Blvd, Gretna, LA 70053, USA"
77,U.S.A.,US,Uptown New Orleans,Louisiana,"International School of New Orleans 1400 Camp Street New Orleans, LA 70103",,(504) 236-8036,Inst. Quan Le,29.9362691,-90.0726236,ROOFTOP,"1400 Camp St, New Orleans, LA 70130, USA"
78,U.S.A.,US,Xavier University,Louisiana,"NEW!!! Xavier University 1 Drexel Drive New Orleans, LA 70125",,(806) 577-8006,Inst. Francisco Miramontes,29.963863,-90.107084,ROOFTOP,"1 Drexel Dr, New Orleans, LA 70125, USA"
79,U.S.A.,US,Pryor,Oklahoma,"Pryor Creek Recreational Center 1111 Southeast 9th Street Pryor, OK 74361",,(918) 344-9483,Inst. Michelle Brasher,36.2942055,-95.30378739999999,ROOFTOP,"1111 SE 9th St, Pryor, OK 74361, USA"
80,U.S.A.,US,Tahlequah,Oklahoma,"NEW location! 2051 Mahaney Ave. Tahlequah, OK 74464",,(918) 457-9440,Inst. Trevor Crouch,35.8894532,-94.9738778,ROOFTOP,"2051 Mahaney Ave, Tahlequah, OK 74464, USA"
81,U.S.A.,US,Tinker AFB,Oklahoma,"NEW !!! Tinker Youth Center 4460 McNarney Ave Oklahoma City, OK 73145",,(405) 371-5592,Inst. Michael Grimes,35.4214746,-97.41805140000001,ROOFTOP,"Tinker Air Force Base, 4460 McNarney Ave, Oklahoma City, OK 73145, United States"
82,U.S.A.,US,Anderson,South Carolina,"1107 North Murray Ave. Anderson, SC 29621",http://www.upstatekuksoolwon.com/,(864) 360-0174,JDKJN Daniel Middleton,34.512242,-82.65543799999999,ROOFTOP,"1107 N Murray Ave, Anderson, SC 29625, USA"
83,U.S.A.,US,Clemson,South Carolina,"1085 Old Clemson Hwy Seneca, SC 29672",,(864) 653-0570,Inst. Sarah Gordinier,34.69688319999999,-82.87710120000001,ROOFTOP,"1085 Old Clemson Hwy, Seneca, SC 29672, USA"
84,U.S.A.,US,Florence,South Carolina,"3015#C East Palmetto Street Florence, SC",http://www.kswflorence.org,(843) 665-2100,PKJN. Cliff Bailey,34.1973569,-79.707077,ROOFTOP,"3015C E Palmetto St, Florence, SC 29506, USA"
85,U.S.A.,US,Greenville,South Carolina,"5314 Wade Hampton Blvd.  Taylors, SC 29687",http://kuksoolwongreenville.blogspot.com/,(864) 517-8075,PKJN. Toan Pham,34.933851,-82.28086069999999,ROOFTOP,"5314 Wade Hampton Blvd, Taylors, SC 29687, USA"
86,U.S.A.,US,Greenville,South Carolina,"Carolina School of Massage 1313A Miller Rd. Greenville, SC 29607",http://www.upstatekuksoolwon.com/,(864) 860-0174,JDKJN Daniel Middleton,34.819153,-82.28493499999999,ROOFTOP,"210 Adley Way, Greenville, SC 29607, USA"
87,U.S.A.,US,Lake City,South Carolina,"NEW!! 416 West Main Street Lake City, SC 29560",,,Inst. Amber Dickerson,33.8783001,-79.7691494,RANGE_INTERPOLATED,"416 W Main St, Lake City, SC 29560, USA"
88,U.S.A.,US,University of Memphis,South Carolina,"TENNESSEE University of Memphis Memphis, TN 38104",,(414) 467-3613,Inst. Michael Monahan,35.118741,-89.937141,ROOFTOP,"3720 Alumni Ave, Memphis, TN 38152, USA"
89,U.S.A.,US,Abilene,Texas,"2401 S. 7th Abilene, TX 79605",https://abilenemartialartcenter.com,(325) 692-0100,JIKJN Phillip Sage,32.443481,-99.7514453,ROOFTOP,"2401 S 7th St, Abilene, TX 79605, USA"
90,U.S.A.,US,ALVIN,Texas,"900 FM 1462 ALVIN, TX 77511",http://www.kswalvin.com,(281) 742-4292,Instr. Joseph Perkins,29.4016125,-95.246607,ROOFTOP,"900 FM 1462, Alvin, TX 77511, USA"
91,U.S.A.,US,AUSTIN (EISD),Texas,"AUSTIN EANES SCHOOL DISTRICT 601 Camp Craft Rd Austin, TX 78746",,(937) 369-1136,Inst. Darryl Gholston,30.2781556,-97.8164506,ROOFTOP,"601 Camp Craft Rd, Austin, TX 78746, USA"
92,U.S.A.,US,Austin (Oak Hill),Texas,"6001 W. Williams Cannon, Suite 307 Austin, TX 78749",http://www.kswoakhill.com,(512) 899-8710,PKJN Timothy King,30.2280988,-97.86284959999999,ROOFTOP,"6001 W William Cannon Dr #307, Austin, TX 78749, USA"
93,U.S.A.,US,Baytown,Texas,"2827 North Alexander Baytown, TX 77520",http://www.kuksoolwon.com,(281) 428-4930,PKJN Tommy Nance,29.7526537,-94.94438459999999,ROOFTOP,"2827 N Alexander Dr, Baytown, TX 77520, USA"
94,U.S.A.,US,Boerne,Texas,"OPEN SOON ! 37131 IH 10 West Boerne, TX 78006",,(210) 912-4300,inst. Kenneth Thibodeaux,29.79466409999999,-98.7319703,APPROXIMATE,"Boerne, TX 78006, USA"
95,U.S.A.,US,Brownsville,Texas,"1601 Alton Gloor Suite 110 Brownsville, TX 78521",,(956) 372-1664,PKJN Raul Sosa III,25.9824391,-97.4857078,ROOFTOP,"1601 E Alton Gloor Blvd #110, Brownsville, TX 78526, USA"
96,U.S.A.,US,Cinco Ranch,Texas,"Coming Soon in August 2017!   4747 FM 1463 Suite #900 Katy, Texas 77494",,(713) 231-4632,Inst. Chris Pak,29.7231705,-95.845522,ROOFTOP,"4747 FM 1463 #900, Katy, TX 77494, USA"
97,U.S.A.,US,Clear Lake,Texas,"15230 HWY 3 Webster, TX 77598",http://www.kuksoolwoncl.com,(281) 486-5425,SSKJN Barry Harmon,29.5656913,-95.1447216,ROOFTOP,"15230 TX-3, Webster, TX 77598, USA"
98,U.S.A.,US,Katy,Texas,"4414 Cobalt Cross St. Katy, Texas 77493",http://www.kuksoolwonkaty.com,(281) 615-3542,PKJN Ron Michael,29.8377062,-95.7780279,ROOFTOP,"4414 Cobalt Cross St, Katy, TX 77493, USA"
99,U.S.A.,US,Kingwood,Texas,"910 Russell Palmer Road Kingwood, TX 77339-1601",http://kuksool-kingwood.com/,(281) 359-5425,SIKJN Richard Roper,30.0640153,-95.2268715,ROOFTOP,"910 Russell Palmer Rd, Kingwood, TX 77339, USA"
100,U.S.A.,US,Magnolia,Texas,"World HQ 37937 FM 1774 Magnolia, TX 77355",,(832) 934-1400,,30.1906117,-95.7186761,ROOFTOP,"37937 FM 1774, Magnolia, TX 77355, USA"
101,U.S.A.,US,Murphy (Dallas),Texas,"Murphy Community Center 205 N Murphy Road Murphy, TX 75094",http://www.kuksoolwondfw.com,(972) 767-9062,Inst. Hong  Cho,33.016583,-96.613559,ROOFTOP,"205 N Murphy Rd, Murphy, TX 75094, USA"
102,U.S.A.,US,Pearland,Texas,New location to be announced soon.,http://www.kuksoolpmac.com,,PKJN Alana Groneman,37.09024,-95.712891,APPROXIMATE,United States
103,U.S.A.,US,Prosper (Dallas),Texas,"114 W. Broadway Street Prosper, TX 75078 Dallas Metro Area",http://www.kuksoolwondfw.com,(469) 307-9940,Inst. Wendy Herrmann,33.2364694,-96.80278179999999,ROOFTOP,"114 W Broadway St, Prosper, TX 75078, USA"
104,U.S.A.,US,Richmond,Texas,"1125 Crabb River Road Richmond, TX 77469",http://www.kuksoolwonofrichmondtexas.com,(832) 595-2299,Inst. Robert Kuemmel,29.5511454,-95.697699,ROOFTOP,"1125 Crabb River Rd, Richmond, TX 77469, USA"
105,U.S.A.,US,San Antonio,Texas,"6812 Bandera Rd #109 San Antonio, TX 78238-3552",http://www.kuksoolwonofcrossway.com,(210) 520-0432,JIKJN Daniel Jolly,29.4979371,-98.6236093,ROOFTOP,"6812 Bandera Rd #109, San Antonio, TX 78238, USA"
106,U.S.A.,US,San Antonio (Alamo Heights),Texas,"1149 Harry Wurzbach Rd. San Antonio, TX 78209-640 210-824-KICK(5425)",http://kuksoolwonofalamoheights.homestead.com,,PKJN Frankie Cade,29.4699256,-98.43833540000001,ROOFTOP,"1149 Harry Wurzbach Rd, San Antonio, TX 78209, USA"
107,U.S.A.,US,San Antonio (Walzem),Texas,"5530 Walzem Road San Antonio, TX 78218",http://www.txkuksoolwon.com,(210) 599-8211,PKJN Lawson Plummer,29.5102815,-98.3792684,ROOFTOP,"5530 Walzem Rd, San Antonio, TX 78218, USA"
108,U.S.A.,US,San Marcos,Texas,"Coming soon in September 2017 1330 Aquarena Springs Dr. Suite 107 San Marcos, TX 78666",,(512) 997-8052,Inst. Eric Morales,29.8921487,-97.9219639,ROOFTOP,"1330 Aquarena Springs Dr #107, San Marcos, TX 78666, USA"
109,U.S.A.,US,The Woodlands East,Texas,"New Location!!! 506 Sawdust Road The Woodlands, TX 77380",http://www.kuksoolwon-woodlands.com/,(713) 937-7885,Inst. Todd Thurman,30.1283807,-95.4503067,ROOFTOP,"506 Sawdust Rd, The Woodlands, TX 77380, USA"
110,U.S.A.,US,The Woodlands West,Texas,"32215 Tamina Road Magnolia, TX 77354",http://www.kswwoodlands.com,(281) 259-6333,JIKJN Joseph Foster,30.2097493,-95.5775839,ROOFTOP,"32215 Tamina Rd, Magnolia, TX 77354, USA"
111,U.S.A.,US,Tomball,Texas,"20295 F.M.2920 Rd. Tomball, TX 77377",http://www.kuksoolwon.com,(281) 255-4321,SIKJN Alex Suh,30.0791333,-95.7397678,RANGE_INTERPOLATED,"20295 Farm to Market 2920, Hockley, TX 77447, USA"
112,KOREA,KR,Baekwoon,Busan,27/1 1414-9 HwamyungDong Buk-Gu Busan Sangsoo Lee,,051-331-7064;011-563-7064,,35.1971347,128.9903711,APPROXIMATE,"Buk-gu, Busan, South Korea"
113,KOREA,KR,Bakcheol,Busan,344-3 Younsan8Dong Younje-Gu Busan Sungyong Park,,051-864-8054;011-558-8054,,35.1795543,129.0756416,APPROXIMATE,"Busan, South Korea"
114,KOREA,KR,Dongrae,Busan,140-94 MyungjangDong Dongrae-Gu Busan   Sungbu Kim,,051-524-4309;011-571-4309,,35.2048575,129.0836402,APPROXIMATE,"Dongnae-gu, Busan, South Korea"
115,KOREA,KR,Dongyoung,Busan,3rd Foloor 487-1 Younsan9Dong Younje-Gu Busan Sangtae Lee,,051-757-0029;018-570-3636,,35.1631139,129.1635509,APPROXIMATE,"Haeundae-gu, Busan, South Korea"
116,KOREA,KR,Gamman,Busan,4th Floor 158-7 Gamman1Dong Nam-Gu Busan Byungho Kim,,051-636-7451;011-856-6841,,35.1365596,129.084364,APPROXIMATE,"Nam-gu, Busan, South Korea"
117,KOREA,KR,Geumgok,Busan,69-1 GeumgokDong Buk-Gu Busan  Gyeongae Jeong,,051-361-2199;016-862-2199,,35.2647664,129.0200197,ROOFTOP,"69-1 Geumgok-dong, Buk-gu, Busan, South Korea"
118,KOREA,KR,Geumsa,Busan,56-21 GeumsaDong Geumjeong-Gu Busan Gilwon Lee,,051-524-4471;011-834-8449,,35.2218087,129.1128073,ROOFTOP,"56-21 Geumsa-dong, Geumjeong-gu, Busan, South Korea"
119,KOREA,KR,Giryong,Busan,960-8 Mangmi1Dong Sooyoung-Gu Busan Jeongguen Kim,,051-757-0049;019-576-0049,,35.145615,129.1130831,APPROXIMATE,"Suyeong-gu, Busan, South Korea"
120,KOREA,KR,Hwalin,Busan,928-18 GuaebeobDong Sasang-Gu Busan Hyunguk Yoon,,051-324-9530;019-503-3067,,35.1526399,128.9908173,APPROXIMATE,"Sasang-gu, Busan, South Korea"
121,KOREA,KR,Hyeonmu,Busan,1384-26 Younsan5Dong Younje-Gu Busan Changgi Kim,,051-861-6894;011-563-6894,,35.1631139,129.1635509,APPROXIMATE,"Haeundae-gu, Busan, South Korea"
122,KOREA,KR,Hyundae,Busan,Hyundae Market 682-1 Gamcheon1Dong Saha-Gu Busan Gyeongcheol Lee,,051-204-4878;011-9284-1606,,35.1044223,128.9747081,APPROXIMATE,"Saha-gu, Busan, South Korea"
123,KOREA,KR,Ilsong,Busan,93-18 Sajik1Dong Dongrae-Gu Busan Sunggil Lee,,051-501-2625;019-9155-2625,,35.2048575,129.0836402,APPROXIMATE,"Dongnae-gu, Busan, South Korea"
124,KOREA,KR,Jagang,Busan,3rd Floor 563-4 Woo1Dong Haewoondae-Gu Busan Seungman Kim,,051-744-0034;017-565-7544,,35.1631139,129.1635509,APPROXIMATE,"Haeundae-gu, Busan, South Korea"
125,KOREA,KR,Jangsan,Busan,1069-1 Woo2Dong Haewoondae-Gu Busan Young Jang,,051-731-1162,,35.1631139,129.1635509,APPROXIMATE,"Haeundae-gu, Busan, South Korea"
126,KOREA,KR,Jeongmu,Busan,1038-15 Banyeo1Dong Haewoondae-Gu Busan Gwangsu Gwak,,051-521-2879;011-849-2879,,35.1631139,129.1635509,APPROXIMATE,"Haeundae-gu, Busan, South Korea"
127,KOREA,KR,Jungahn,Busan,538-5 Bu-amDong Busanjin-Gu Busan Jeonghwan Choi,,051-807-8391;016-594-7573,,35.1630009,129.0531722,APPROXIMATE,"Busanjin-gu, Busan, South Korea"
128,KOREA,KR,Jurye,Busan,66-1 Jurye2Dong Sasang-Gu Busan Seounyong Noh,,,,35.1526399,128.9908173,APPROXIMATE,"Sasang-gu, Busan, South Korea"
129,KOREA,KR,Moonhyun,Busan,205-64 Moonhyun3Dong Nam-Gu Busan Donghan Gang,,051-645-8957;011-847-9971,,35.1365596,129.084364,APPROXIMATE,"Nam-gu, Busan, South Korea"
130,KOREA,KR,Moonmu,Busan,11/1 199-8 YounjiDong Jin-Gu Busan  Myungbong Moon,,051-803-5783;019-502-5783,,35.1630009,129.0531722,APPROXIMATE,"Busanjin-gu, Busan, South Korea"
131,KOREA,KR,Namcheon,Busan,217 Namcheon1Dong Sooyoung-Gu Busan  Taesu Moon,,051-628-1546;011-558-1546,,35.1795543,129.0756416,APPROXIMATE,"Busan, South Korea"
132,KOREA,KR,Namsan,Busan,No.209 Geosung-Regency 96-1 NamsnaDong Geumjeong-Gu Busan Bongsub Shim,,,,35.18305400000001,129.067003,ROOFTOP,"해맞이로 109번길 61 Geoje 4(sa)-dong, Yeonje-gu, Busan, South Korea"
133,KOREA,KR,Phil,Busan,No.1001 Youngdong-Plaza JwaDong Haewoondae-Gu Busan Younggeun Gye,,051-701-5588;018-563-7503,,12.879721,121.774017,APPROXIMATE,Philippines
134,KOREA,KR,Seobu,Busan,430-2 Guejeong3Dong Saha-Gu Busan Philhoi Gu,,051-204-7113;019-367-7113,,35.1158445,128.9664379,ROOFTOP,"South Korea, Busan, Saha-gu, Hadan 2(i)-dong, 838-3 -dong,"
135,KOREA,KR,Songdo,Busan,Beach Market 354-1 AmnamDong Seo-Gu Busan Seoungtae Kim,,051-243-5382;011-834-0865,,35.0715916,129.0120484,APPROXIMATE,"Amnam-dong, Seo-gu, Busan, South Korea"
136,KOREA,KR,Sungung,Busan,4th Floor One-Plaza 510-1 Dongsam1Dogn Youngdo-Gu Busan Jongsik Lee Cellular:,,017-553-5940,,35.0912316,129.0681448,APPROXIMATE,"Yeongdo-gu, Busan, South Korea"
137,KOREA,KR,Taeyang,Busan,432-24 Mangmi1Dong Sooyoung-Gu Busan Jinbae Seo,,051-752-6635;017-556-6635,,35.1604661,128.6601799,GEOMETRIC_CENTER,"Yeojwa-dong, Jinhae-gu, 창원시 Gyeongsangnam-do, South Korea"
138,KOREA,KR,Umgung,Busan,465-16 UmgoongDong Sasang-Gu Busan Changwoo Lim,,051-322-7927;019-599-7927,,35.1526399,128.9908173,APPROXIMATE,"Sasang-gu, Busan, South Korea"
139,KOREA,KR,Yeonjae,Busan,956 Geoje2Dong Youngje-Gu Busan Jaekyu Kim,,051-504-4475;011-9514-2063,,35.1631139,129.1635509,APPROXIMATE,"Haeundae-gu, Busan, South Korea"
140,KOREA,KR,Yeonmu,Busan,1367-1 Mora2Dong Sasang-Gu Busan Hyunjin Cho,,051-327-8338;016-562-8337,,35.1526399,128.9908173,APPROXIMATE,"Sasang-gu, Busan, South Korea"
141,KOREA,KR,Yongjin,Busan,1153-3 Jaesong2Dong Haewoondae-Gu Busan Juhyun Shin,,,,35.159802,129.0589796,ROOFTOP,"24 Jungang-daero 743beon-gil, Bujeon-dong, Busanjin-gu, Busan, South Korea"
142,KOREA,KR,Youngju,Busan,23-15 YoungjuDong Jung-Gu Busan Inseok Suh,,011-889-8611,,35.1061462,129.0323417,APPROXIMATE,"Jung-gu, Busan, South Korea"
143,KOREA,KR,Daegu,Daegu,705-1 Seongdang2Dong Dalseo-Gu Daegu Yonggi Kim,,053-628-4567;011-9572-4567,,35.8298561,128.5327576,APPROXIMATE,"Dalseo-gu, Daegu, South Korea"
144,KOREA,KR,Gimcheon,Gyeongbuk,Hwang Geum Kindergarten 79-3 HwanggeumDong Gimcheon-Si Gyeongbuk Jongseok Ghang,,054-439-9737;011-813-9737,,36.1172548,128.1231397,ROOFTOP,"79-3 Hwanggeum-dong, Gimcheon, Gyeongsangbuk-do, South Korea"
145,KOREA,KR,Gyeongju,Gyeongbuk,33-4 NohseoDong Gyeongju-Si Gyeongbuk Byungcheol Yoo,,054-744-0799;011-822-0799,,35.8561719,129.2247477,APPROXIMATE,"Gyeongju-si, Gyeongsangbuk-do, South Korea"
146,KOREA,KR,Dosan,Gwangju,824-4 DosanDong Gwangsan-Gu Gwangju Jong-geun Kim,,062-942-7761;016-9886-5684,,35.1304368,126.79519,ROOFTOP,"824-4 Dosan-dong, Gwangsan-gu, Kwangju, South Korea"
147,KOREA,KR,Jeil,Gwangju,1299-5 DosanDong Gwangsan-Gu Gwangju Joonsung Lee,,062-941-7760,,35.1293662,126.7885152,ROOFTOP,"1299-5 Dosan-dong, Gwangsan-gu, Kwangju, South Korea"
148,KOREA,KR,Moodeung,Gwangju,1050-29 Juwol1Dong Nam-Gu Gwangju Yang Heo,,062-673-3879;016-624-1335,,35.1221068,126.9079579,APPROXIMATE,"Nam-gu, Gwangju, South Korea"
149,KOREA,KR,Seobu,Gwangju,4th Floor 174-15 Du-Am-Dong Buk-Gu Gwangju Sungjae Yoon,,062-266-7750;016-629-7760,,35.1740167,126.9119842,APPROXIMATE,"Buk-gu, Gwangju, South Korea"
150,KOREA,KR,Shin-ga,Gwangju,BogwangKindergarten 783-1 WoonnamDong Gwangsan-Gu Gwangju Gwanghyung Cho,,062-955-7760;062-955-7760,,35.1394638,126.7937183,APPROXIMATE,"Gwangsan-gu, Gwangju, South Korea"
151,KOREA,KR,Sinchon,Gwangju,783-4 WoonnamDong Gwangsan-Gu Gwangju Jihoon Park,,062-955-7292;011-9603-3478,,35.1394638,126.7937183,APPROXIMATE,"Gwangsan-gu, Gwangju, South Korea"
152,KOREA,KR,Sochon,Gwangju,Underground 611 SochonDong Gwangsan-Gu Gwangju Jongsoo Kim,,062-944-7759;016-9701-7759,,35.146438,126.7915665,ROOFTOP,"611 Sochon-dong, Gwangsan-gu, Kwangju, South Korea"
153,KOREA,KR,Songjeong,Gwangju,578-14 SongjeongDong Gwangsan-Gu Gwangju Dongbeom Shin,,062-942-7754;018-694-7760,,35.1403156,126.7979765,ROOFTOP,"578-14 Songjeong-dong, Gwangsan-gu, Kwangju, South Korea"
154,KOREA,KR,Sungdo,Gwangju,728-4 Hwajeong2Dong Seo-Gu Gwangju Sungjang Wi,,062-365-6033;016-611-8925,,37.3839118,126.6438546,APPROXIMATE,"Songdo-dong, Yeonsu-gu, Incheon, South Korea"
155,KOREA,KR,Taegeuk,Gwangju,4th Floor Samho-Garden 37-10 DongrimDong Buk-Gu Gwangju Jeon-gil Lee,,062-513-9490;016-605-9490,,35.1563184,126.9050228,GEOMETRIC_CENTER,"South Korea, 유동 42-1번지 북구 광주광역시 KR"
156,KOREA,KR,Cheongryong,Gyeongnam,21-14 MyungseoDong Changwon-Si Gyeongnam Jongjoo Kang,,055-238-1586;011-872-2008,,35.4606,128.2132,APPROXIMATE,"Gyeongsangnam-do, South Korea"
157,KOREA,KR,Cheonji,Gyeongnam,239-10 Seok-Kye-Ri Sangbuk-Myun Yangsan-Si Gyeongnam Changho Lee,,055-375-4624;011-550-1250,,35.4606,128.2132,APPROXIMATE,"Gyeongsangnam-do, South Korea"
158,KOREA,KR,Chungryong,Gyeongnam,4th Floor Daeyoung Bldg. 5-67 HaewoonDong Masan-Si Gyeongnam Yoonsan Choi,,055-242-1768;011-869-1768,,35.213516,128.581433,APPROXIMATE,"Masan, South Korea"
159,KOREA,KR,Dongsang,Gyeongnam,881 DongsangDong Gimhae-Si Gyeongnam Sungbok Song,,055-333-3579;011-9315-8420,,35.2361512,128.8833725,ROOFTOP,"881 Dongsang-dong, Gimhae, Gyeongsangnam-do, South Korea"
160,KOREA,KR,Gangin,Gyeongnam,1281-53 Okpo2Dong Geoje-Si Gyeongnam Jaein Ghang,,055-687-4201;017-582-4201,,34.8806427,128.6210824,APPROXIMATE,"Geoje-si, Gyeongsangnam-do, South Korea"
161,KOREA,KR,Gimhae,Gyeongnam,155-7 SambangDong Gimhae-Si Gyeongnam Siyoung Gong,,055-334-9302;011-851-3001,,35.2482934,128.9070748,ROOFTOP,"155-7 Sambang-dong, Gimhae, Gyeongsangnam-do, South Korea"
162,KOREA,KR,Gimhae 2,Gyeongnam,1097-18 NaeDong Gimhae-Si Gyeongnam Sugan Jang,,055-322-9232;011-874-9232,,35.23876620000001,128.8614776,ROOFTOP,"1097-18 Nae-dong, Gimhae, Gyeongsangnam-do, South Korea"
163,KOREA,KR,Goosan,Gyeongnam,478 GoosanDong Gimhae-Si Gyeongnam Jonghyun Jin,,055-339-3010;011-832-1229,,35.2285451,128.8893517,APPROXIMATE,"Gimhae-si, Gyeongsangnam-do, South Korea"
164,KOREA,KR,Gyeongnam,Gyeongnam,474-8 Jindong-Ri Jindong-Myun Masan-Si Gyeongnam Soonseok Cho,,011-889-5490,,35.1148888,128.4876902,ROOFTOP,"474-8 Jindong-ri, Jindong-myeon, Masanhappo-gu, Gyeongsangnam-do, South Korea"
165,KOREA,KR,Haman,Gyeongnam,471-4 Malsan-Ri Gaya-Eup Ham-An-Gun Gyeongnam Jaseoung Goo,,055-583-8470;011-868-8470,,35.2774607,128.406611,ROOFTOP,"471-4 Malsan-ri, Gaya-eup, Haman, Gyeongsangnam-do, South Korea"
166,KOREA,KR,Hanmu,Gyeongnam,3rd Floor 29-30 ManggyeongbukDong Jinju-Si Gyeongnam Byungsoo Kim,,055-761-8079;011-598-1951,,35.1799817,128.1076213,APPROXIMATE,"Jinju-si, Gyeongsangnam-do, South Korea"
167,KOREA,KR,Horim,Gyeongnam,3rd Floor WholeSale-Mart 669-1 Gooseong-Ri Chilwon-Myun Ham-An-Gun Gyeongnam Byungcheol Ahn,,055-587-1466;017-591-1466,,35.4606,128.2132,APPROXIMATE,"Gyeongsangnam-do, South Korea"
168,KOREA,KR,Jaeil,Gyeongnam,59-6 Shinbang-Ri Dong-Eup Changwon-Si Gyeongnam Younghwan Choi,,055-255-7221;011-9309-0425,,35.2847297,128.6823332,APPROXIMATE,"Dong-eup, Uichang-gu, Gyeongsangnam-do, South Korea"
169,KOREA,KR,Jinhae,Gyeongnam,No.405 Daepoong-Sporville GyeonghwaDong Jinhae-Si Gyeongnam Yiseok Byun,,055-547-7435;011-866-7028,,35.1330251,128.7100381,APPROXIMATE,"Jinhae-gu, Gyeongsangnam-do, South Korea"
170,KOREA,KR,Jinyoung,Gyeongnam,301 SeongeunVilla-B JinyoungRi JinyoungEup GimhaeSi Gyeongnam Hyunsu Cho,,055-345-0789;011-878-0788,,35.2285451,128.8893517,APPROXIMATE,"Gimhae-si, Gyeongsangnam-do, South Korea"
171,KOREA,KR,Jinyoung 2,Gyeongnam,711-18 Yeorae-Ri Jinyoung-Eup Changwon-Si Gyeongnam Hyunsoo Cho,,055-345-0789;011-878-0788,,35.3024601,128.7366381,ROOFTOP,"711-18 Yeorae-ri, Jinyeong-eup, Gimhae, Gyeongsangnam-do, South Korea"
172,KOREA,KR,Milyang,Gyeongnam,1559-3 Nae-iDong Milyang-Si Gyeongnam Jungil Kwon,,055-353-1286;011-734-1286,,35.1883682,128.8449943,APPROXIMATE,"I-dong, Gimhae-si, Gyeongsangnam-do, South Korea"
173,KOREA,KR,Moonmu,Gyeongnam,447-1 BukjeongDong Yangsan-Si Gyeongnam Myungbong Moon,,055-381-1713;019-502-5783,,35.3625645,129.0473452,ROOFTOP,"447-1 Bukjeong-dong, Yangsan, Gyeongsangnam-do, South Korea"
174,KOREA,KR,Mujeok,Gyeongnam,789-5 Beom-Eo-Ri Mulgeum-Eup Yangsan-Si Gyeongnam Gyeongmin Kim,,055-384-7280;017-872-7280,,35.3288979,129.0040965,ROOFTOP,"789-5 Beomeo-ri, Mulgeum-eup, Yangsan, Gyeongsangnam-do, South Korea"
175,KOREA,KR,Sobaek,Gyeongnam,647-16 Hwoiwon2Dong Hwoiwonn-Gu Masan-Si Gyeongnam Sukhwan Yoon,,055-221-3800;017-598-4050,,35.213516,128.581433,APPROXIMATE,"Masan, South Korea"
176,KOREA,KR,Hwanho,Jeju,1884-2 Hagwi2-Ri Aewol-Eup Bukjeju-Gun Jeju Taegwan Kim,,064-713-7470;018-695-7470,,33.4890113,126.4983023,APPROXIMATE,"Jeju-do, South Korea"
177,KOREA,KR,Jeju,Jeju,580-3 SongsanDong Seogwipo-Si Jeju Hwang-geum Goh,,064-739-0234;017-699-0234,,33.2450722,126.5660903,APPROXIMATE,"Songsan-dong, Seogwipo-si, Jeju-do, South Korea"
178,KOREA,KR,Muryong,Jeju,04-2 DongheungDong Seogwipo-Si Jeju Sanghun Oh,,064-732-8773;016-686-8773,,33.4890113,126.4983023,APPROXIMATE,"Jeju-do, South Korea"
179,KOREA,KR,Yongin,Jeju,281-17 YounDong Jeju-Si Jeju Myungjin Chae,,064-744-6693;011-692-6693,,33.4996213,126.5311884,APPROXIMATE,"Jeju-si, Jeju-do, South Korea"
180,KOREA,KR,Yongin 2,Jeju,59-5 Ildo2Dong Jeju-Si Jeju Dongil Ghang,,,,33.4996213,126.5311884,APPROXIMATE,"Jeju-si, Jeju-do, South Korea"
181,KOREA,KR,Ariranghouse,Jeonbuk,568-133 SeonohsongDong Deokjin-Gu Jeonju-Si Jeonbuk Jinoh Kim,,063-285-1250,,35.8293872,127.1343073,APPROXIMATE,"Deokjin-gu, Jeonju-si, Jeollabuk-do, South Korea"
182,KOREA,KR,Baekam,Jeonnam,8 Jungang2Ga Mokpo-Si Jeonnam Youngmahn Kim,,061-244-7009;018-466-9222,,34.8118351,126.3921664,APPROXIMATE,"Mokpo-si, Jeollanam-do, South Korea"
183,KOREA,KR,Dosan,Jeonbuk,828-2 YoungdeungDong Iksan-Si Jeonbuk Yongbok Lee,,063-833-6543;011-656-9565,,35.9482858,126.9575991,APPROXIMATE,"Iksan, Jeollabuk-do, South Korea"
184,KOREA,KR,Gangjin,Jeonnam,51-10 Namseong-Ri Gangjin-Eup Gangjin-Gun Jeonnam Hongjae Jeong,,061-434-2294;011-9973-2294,,34.6399113,126.7718155,ROOFTOP,"51-10 Namseong-ri, Gangjin-eup, Gangjin, Jeollanam-do, South Korea"
185,KOREA,KR,Geumyoul,Jeonbuk,50 InhwaDong1Ga Iksan-Si Jeonbuk Geumyoul Goh,,063-856-8758;016-601-8758,,35.9482858,126.9575991,APPROXIMATE,"Iksan, Jeollabuk-do, South Korea"
186,KOREA,KR,Gun-gang,Jeonnam,2-3 SangrakDong-2Ga Mokpo-Si Jeonnam Hyungjun Kim,,061-244-4827,,34.8118351,126.3921664,APPROXIMATE,"Mokpo-si, Jeollanam-do, South Korea"
187,KOREA,KR,Jeonju,Jeonbuk,496-20 JungnohsongDong2Ga Wansan-Gu Jeonju-Si Jeonbuk Gyuhong Jang,,063-288-5055;016-9654-5055,,35.812111,127.1199201,APPROXIMATE,"Wansan-gu, Jeonju-si, Jeollabuk-do, South Korea"
188,KOREA,KR,Murim,Jeonnam,188 Shinwol-Ri Bukil-Myun Haenam-Gun Jeonnam     Hyunmin Choi,,061-534-3249;011-9613-3249,,34.8679,126.991,APPROXIMATE,"Jeollanam-do, South Korea"
189,KOREA,KR,Yongmun 1,Jeonbuk,843-7 InhooDong1Ga Deokjin-Gu Jeonju-Si Jeonbuk Sungdong Lee,,063-241-7775;019-656-8833,,35.8293872,127.1343073,APPROXIMATE,"Deokjin-gu, Jeonju-si, Jeollabuk-do, South Korea"
190,KOREA,KR,Yongmun 2,Jeonbuk,846-1 SeoshinDong Wansan-Gu Jeonju-Si Jeonbuk Daejin Lee,,063-222-1346;017-624-4456,,35.812111,127.1199201,APPROXIMATE,"Wansan-gu, Jeonju-si, Jeollabuk-do, South Korea"
191,KOREA,KR,Yoodal,Jeonnam,4th Floor 983 SangDong Mokpo-Si Jeonnam Sijong Yang,,061-282-2004,,34.8013652,126.4222849,ROOFTOP,"4th Floor, 983 Sang-dong, Mokpo-si, Jeollanam-do, South Korea"
192,KOREA,KR,Youngwol-Gun,Gangwon,1111 3Ban Youngheung8Ri Youngwol-Eup Youngwol-Gun Gangwon Boknam Myuong,,033-373-2124;011-9243-7468,,37.183637,128.4617535,APPROXIMATE,"Yeongwol-gun, Gangwon-do, South Korea"
193,KOREA,KR,Dong-Gu,Daegu,136-156 Sinam4-Dong Dong-Gu Daegu Dong-Gu Daegu,,053-942-4414;053-942-4415,,35.8859229,128.6263049,ROOFTOP,"136-156 Sinam-dong, Dong-gu, Daegu, South Korea"
194,KOREA,KR,Gwangmyung-Si,Gyeonggi,281-43 Gwangmyung5Dong Gwangmyung-Si Gyeonggi Myungsung Choi,,02-2682-4892;011-228-4892,,37.4784878,126.8642888,APPROXIMATE,"Gwangmyeong-si, Gyeonggi-do, South Korea"
195,KOREA,KR,Yangcheon-Gu,Seoul,4th Floor Sangmun Bldg. Shinwol7Dong Yangcheon-Gu Seoul Seonghyung Kim,,02-2608-5385;011-9637-4169,,37.5168721,126.8663985,APPROXIMATE,"Yangcheon-gu, Seoul, South Korea"
196,KOREA,KR,Dongdaemun-Gu,Seoul,5th Floor 309-4 Jangan2Dong Dongdaemun-Gu Seoul Wooryeong Park,,02-2215-4283;011-201-4283,,37.57436819999999,127.0400189,APPROXIMATE,"Dongdaemun-gu, Seoul, South Korea"
197,KOREA,KR,Choonhae,Ulsan,728-7 Gokcheon-Ri Woongcheon-Myun Ulsan Soogham Song,,052-277-4657;018-674-4657,,35.4593123,129.1960932,ROOFTOP,"728-7 Gokcheon-ri, Ungchon-myeon, Ulju-gun, Ulsan, South Korea"
198,KOREA,KR,Dosung,Ulsan,786-2 TaehwaDong Jung-Gu Ulsan Seokgyu Lim,,052-224-2604;052-249-5162,,35.5533474,129.2928293,ROOFTOP,"786-2 Taehwa-dong, Jung-gu, Ulsan, South Korea"
199,KOREA,KR,Haeryong 2,Ulsan,197 Deokha-Ri Cheongryang-Myun Uljoo-Gun Ulsan Sangtaek Park,,052-277-8525;011-9327-0607,,35.4932195,129.305922,APPROXIMATE,"Cheongnyang-myeon, Ulju-gun, Ulsan, South Korea"
200,KOREA,KR,Moonhyun,Ulsan,1134-8 Bang-Eo-Dong Dong-Gu Ulsan Chnawook Sung,,052-201-2300;019-633-5556,,35.5048563,129.4166007,APPROXIMATE,"Dong-gu, Ulsan, South Korea"
201,KOREA,KR,Muryong,Ulsan,3rd Floor DaeshinBldg. 625-25 YaksaDong Jung-Gu Ulsan Sanghun Lee,,052-297-0606;018-567-0606,,35.5684565,129.3424177,ROOFTOP,"625-25 Yaksa-dong, Jung-gu, Ulsan, South Korea"
202,KOREA,KR,Muryong 2,Ulsan,43-1 HwabongDong Buk-Gu Ulsan Gyuhyun Kim,,052-289-5353;016-881-5353,,35.5950525,129.3716568,ROOFTOP,"43 Hwabong-dong, Buk-gu, Ulsan, South Korea"
203,KOREA,KR,Muryong 3,Ulsan,Underground Geumho-Market 775-6 DalDong Nam-Gu Ulsan Sanghun Lee,,018-567-0606,,35.5317994,129.3245178,ROOFTOP,"775-6 Dal-dong, Nam-gu, Ulsan, South Korea"
204,KOREA,KR,Muryong 4,Ulsan,745-96 ShincheonDong Buk-Gu Ulsan Ghangsik Choi,,,,35.58273399999999,129.3609087,APPROXIMATE,"Buk-gu, Ulsan, South Korea"
205,KOREA,KR,Muryong 5,Ulsan,482-6 Mugeo2Dong Nam-Gu Ulsan Sanghun Lee,,018-567-0606,,35.54368300000001,129.3298017,APPROXIMATE,"Nam-gu, Ulsan, South Korea"
206,KOREA,KR,Nammok,Ulsan,Nammok Market 310-15 DongbuDong Dong-Gu Ulsan Daeok Ghang,,052-243-6300;011-884-1670,,35.5246872,129.4315158,APPROXIMATE,"Nammok 2(i)-dong, Dong-gu, Ulsan, South Korea"
207,KOREA,KR,Samho,Ulsan,1185-1 Mugeo1Dong Nam-Gu Ulsan Sanghyung Lee,,052-247-3883;018-587-8744,,35.54368300000001,129.3298017,APPROXIMATE,"Nam-gu, Ulsan, South Korea"
208,KOREA,KR,Ulsan,Ulsan,Daeha Crystal-Market 851-6 HwajeongDong Dong-Gu Ulsan Sangsik Seo,,052-252-8833;011-558-8833,,35.5383773,129.3113596,APPROXIMATE,"Ulsan, South Korea"
209,KOREA,KR,Yeongnam,Ulsan,1833-4 Shinjeong4Dong Nam-Gu Ulsan Yiwon Jeong,,052-256-1838;011-574-1838,,35.54368300000001,129.3298017,APPROXIMATE,"Nam-gu, Ulsan, South Korea"
210,UNITED KINGDOM,GB,Acle,England,"Acle War Memoria Centre Bridwell Lane Acle, Norfolk",,07955 968346,Inst. Antony Johnson,52.6419404,1.5489589,GEOMETRIC_CENTER,"War Memorial, Acle, Norwich NR13 3RA, UK"
211,UNITED KINGDOM,GB,Attleborough,England,"Attleborough Sports Hall Queens Square, Attleborough, Norfolk",http://kuksoolwon-gillingwater.org/,01379 854465;07775 890359,PKJN Andy Gillingwater,52.5195864,1.0170669,GEOMETRIC_CENTER,"Queen's Square, Attleborough NR17 2AF, UK"
212,UNITED KINGDOM,GB,Bedworth,England,"Nicholas Chaimberlain Technology College Bulkington Road Bedworth, CV12 9EA",,01455 447332,Inst. David Watts,52.479598,-1.460084,GEOMETRIC_CENTER,"Bulkington Rd, Bedworth CV12 9EA, UK"
213,UNITED KINGDOM,GB,Bexhill on Sea,England,Bexhill High School Gunters Lane Bexhill,,07540 179194,PKJN Robin Holmes,50.855256,0.4552571,GEOMETRIC_CENTER,"Gunters Ln, Bexhill, Bexhill-on-Sea TN39 4BY, UK"
214,UNITED KINGDOM,GB,Birmingham,England,Peter Hill Road Brierley Hill Birmingham,,01530 273175;07880 706684;01530 273175,JIKJN John Gravenall,52.4625181,-2.1327339,GEOMETRIC_CENTER,"Peter's Hill Rd, Brierley Hill DY5, UK"
215,UNITED KINGDOM,GB,Birmingham (North),England,Coming soon in April 2019! S.C. Grammar School for Girls Jockey Road Sutton Coldfield Birmingham B73 5PT,,07969 911477,Instr. James Chapman,52.48624299999999,-1.890401,APPROXIMATE,"Birmingham, UK"
216,UNITED KINGDOM,GB,Boston,England,"Unit 3,Marsh Lane Boston PE21 7SB",http://www.kuksoolwonboston.co.uk,07710 444662,PKJN. Jatinder Boyall,52.96449699999999,-0.022493,ROOFTOP,"3 Marsh Ln, Boston PE21 7RJ, UK"
217,UNITED KINGDOM,GB,Bury St. Edmunds,England,"31 Eastern Way Bury St. Edmunds, Suffolk IP32 7AB",,01638 715934;07765 718322,JIKJN Richard Jones,52.2507022,0.7243385,ROOFTOP,"31 Eastern Way, Bury Saint Edmunds IP32 7AB, UK"
218,UNITED KINGDOM,GB,Cambridge,England,Hills Road Sports Purbeck Road Cambridge   CB2 8PF,,07412 546642,JIKJN Darren Hart,52.1873186,0.1349409,GEOMETRIC_CENTER,"Purbeck Rd, Cambridge CB2 8PF, UK"
219,UNITED KINGDOM,GB,Claygate,England,162 Hare Lane Claygate Surrey  KT10 0RD,http://www.ksw-oxshottandbookham.co.uk,07973 173892,PKJN James Barker,51.3602296,-0.3412156,ROOFTOP,"162 Hare Ln, Claygate, Esher KT10 0RD, UK"
220,UNITED KINGDOM,GB,Colchester,England,Highwoods Sports Center Highwood Colchester,,07761 560121,Inst. Orville Lewis,51.895927,0.8918740000000001,APPROXIMATE,"Colchester, UK"
221,UNITED KINGDOM,GB,Dereham,England,"Dereham Sports Centre Dereham, Norfolk",http://www.kuksoolwon-dereham.co.uk,01603 881376;07787 121287,PKJN Chris Winter,52.67663580000001,0.9473786,GEOMETRIC_CENTER,"Station Rd, Dereham NR19 1DF, UK"
222,UNITED KINGDOM,GB,Diss,England,Diss Youth Club 30 Shelfanger Road Diss,,07966 676906,Inst. Jon Mortlock,52.3790217,1.1068082,GEOMETRIC_CENTER,"Shelfanger Rd, Diss IP22 4EH, UK"
223,UNITED KINGDOM,GB,Eastbourne,England,24 Longstone Road Eastbourne BN21 3SN,http://www.kuksoolwon-eastbourne.co.uk,01323 738784,SIKJN Philip D. Holmes,50.770194,0.2861227,ROOFTOP,"24 Longstone Rd, Eastbourne BN21 3SN, UK"
224,UNITED KINGDOM,GB,Ely/Soham,England,"New location! 9B Regal Lane Soham, Cambs CB7 5BA",,07889 879072,Inst. Ashley Moody,52.3255352,0.3508909,ROOFTOP,"9b Regal Ln, Soham, Ely CB7 5BA, UK"
225,UNITED KINGDOM,GB,Eye,England,Hartismere Sports Centre Castleton Way Eye,http://www.kuksoolwonofeye.com,01473 747783,JDKJN Steve Whiting,52.319605,1.146209,APPROXIMATE,"Eye, UK"
226,UNITED KINGDOM,GB,Felixstowe,England,"Mid Suffolk Leisure Centre Gainsborough Road Stowmarket, Suffolk",http://www.kuksoolwonofeye.com,01473 747783,Inst. Rachel Whiting,51.961726,1.351255,APPROXIMATE,"Felixstowe, UK"
227,UNITED KINGDOM,GB,Framlingham,England,"Framlingham Woodbridge Suffolk, IP13 9HE",,01986 798023;07766 483438,Inst. Mark Lewis,52.2285713,1.3297452,APPROXIMATE,"Saxtead Rd, Framlingham, Woodbridge IP13 9HE, UK"
228,UNITED KINGDOM,GB,Great Bookham,England,"South Bookham SPACE Dorking Road Great Bookham, KT23 4PB",http://www.ksw-oxshottandbookham.co.uk,07973 173892,PKJN James Barker,51.2746346,-0.3687994,GEOMETRIC_CENTER,"Dorking Rd, Great Bookham, Leatherhead KT23 4PB, UK"
229,UNITED KINGDOM,GB,Great Yarmouth,England,"Cliff Park High School Kennedy Ave Great Yarmouth, NR31 6TA",,01493 377003,PKJN Paul Cumbers,52.5611958,1.7236975,GEOMETRIC_CENTER,"Kennedy Ave, Gorleston-on-Sea, Great Yarmouth NR31 6TA, UK"
230,UNITED KINGDOM,GB,Halesworth,England,Dairy Hill Halesworth Suffolk IP 19,http://www.lowestoftkuksoolwon.co.uk,01986 875707;07885 577602,JDKJN Martin Ducker,52.347143,1.5066981,GEOMETRIC_CENTER,"Dairy Hill, Halesworth IP19, UK"
231,UNITED KINGDOM,GB,Hastings,England,"NEW location!!! The Hastings Academy Rye Road Hastings, TN35 5DN",,07812 080616,Inst. Brenden OSullivan,50.8797085,0.6155813,GEOMETRIC_CENTER,"Rye Rd, Hastings TN35 5DN, UK"
232,UNITED KINGDOM,GB,Hinckley,England,"Hastings High School St. Catherines Close Burbage, Hinckley LE10 2QE",,07426 880422,Inst. Ian Merricks,52.535464,-1.35634,GEOMETRIC_CENTER,"St Catherine’s Close, Burbage, Hinckley LE10 2QE, UK"
233,UNITED KINGDOM,GB,Huyton,England,Huyton Arts and Sportre Seel Road Huyton,,07976 510349,PKJN Richard Casey,53.4121545,-2.8307965,GEOMETRIC_CENTER,"Lord Derby Acadamy, Seel Rd, Liverpool L36 6DJ, United Kingdom"
234,UNITED KINGDOM,GB,Ipswich,England,Halifax Primary School Prince of Wales Drive Ipswich IP2 8PX,http://www.kuksoolwonipswich.co.uk,07789 686928,PKJN. John Garrod,52.0422587,1.142114,ROOFTOP,"64 Prince of Wales Dr, Ipswich IP2 8PY, UK"
235,UNITED KINGDOM,GB,King's Lynn,England,"Unit 3, Bryggen Road North Lynn Industrial Estate Kings Lynn, Norfolk PE30",http://www.kuksoolwonofkingslynn.co.uk,07454 239300,JIKJN Darren Brown,52.7695169,0.4135849,RANGE_INTERPOLATED,"3 Bryggen Rd, North Lynn Industrial Estate, King's Lynn PE30 2HZ, UK"
236,UNITED KINGDOM,GB,Lakenheath,England,"West Row Village Hall Lakenheath, Suffolk",http://www.lakenheathmartialarts.com,07412 546642,JIKJN Darren Hart,52.354219,0.454304,GEOMETRIC_CENTER,"West Row Village Hall, Chapel Road, West Row, Bury Saint Edmunds IP28 8NY, United Kingdom"
237,UNITED KINGDOM,GB,Liverpool,England,75 Long Lane Aintree Liverpool  L9 7BN,http://liverpoolschoolofmartialarts.co.uk,07871 620924;0151 548 8588,PKJN Carl Barrie,53.4572602,-2.9462372,ROOFTOP,"75 Long Ln, Liverpool L9 7DT, UK"
238,UNITED KINGDOM,GB,Loddon,England,"Loddon Industrial Park, Unit A Little Money Road Loddon  NR14 6JD",http://www.kswcbl.co.uk,07960 980333,JIKJN Philip Hinchliffe,52.5280604,1.4883346,GEOMETRIC_CENTER,"Unit G, Little Money Road, Loddon Industrial Estate, Loddon NR14 6JD, United Kingdom"
239,UNITED KINGDOM,GB,London Central,England,Vie Health Clubs 122 Clerkenwell Road London  EC1R 5DL,http://www.ksw-islington.co.uk,07789 957310,PKJN Nick Reeve,51.50739069999999,-0.1276999,APPROXIMATE,"Central London, London WC2N 5DU, UK"
240,UNITED KINGDOM,GB,London Centre,England,Baynard House Queen Victoria Street London EC4,http://www.kswlondon.com,0844 802 3747;0870 321 1579,Inst. George Pelekanis,51.50739069999999,-0.1276999,APPROXIMATE,"Central London, London WC2N 5DU, UK"
241,UNITED KINGDOM,GB,London North,England,"Harrow Leisure Centre Christchurch Avenue Harrow, Middlesex HA3 5BD",http://www.kuksoolwonlondon.cjb.net,020 8907 6869,Inst. Dave Clarke,51.5923196,-0.3275492,GEOMETRIC_CENTER,"Christchurch Ave, Harrow HA3 5BD, UK"
242,UNITED KINGDOM,GB,London South,England,Dulwich College Sports Centre Dulwich Common London SE21 7 LD,http://www.kswlondon.com,0870 321 1579,Inst. George Pelekanis,51.440952,-0.08270799999999999,GEOMETRIC_CENTER,"Pond Cottages, London SE21 7LE, United Kingdom"
243,UNITED KINGDOM,GB,Long Stratton,England,Long Stratton High School Manor Road Long Stratton,http://kuksoolwon-gillingwater.org/,01379 854465;07787 565411,PKJN. Lynda Gillingwater,52.48957979999999,1.229416,GEOMETRIC_CENTER,"Manor Rd, Long Stratton, Norwich NR15 2XR, UK"
244,UNITED KINGDOM,GB,Lowestoft,England,Waterlane Sports Centre Lowestoft,http://www.lowestoftkuksoolwon.co.uk,01986 875707;07885 577602,JIKJN Alison Ducker,52.484462,1.744872,GEOMETRIC_CENTER,"Water Ln, Lowestoft NR32 2NH, UK"
245,UNITED KINGDOM,GB,Mildenhall,England,Dome Sports Centre Mildenhall,,01638 515442;07855 790730,JDKJN Steve Isaacson,52.347568,0.5156094999999999,APPROXIMATE,"Mildenhall, Bury Saint Edmunds IP28, UK"
246,UNITED KINGDOM,GB,Narborough,England,Narborough Community Centre Chalk Lane Narborough   PE32 1SR,,07541 261713,Instr. Louise Howling,52.67975569999999,0.5884208,ROOFTOP,"Community Centre, Chalk Ln, Narborough, King's Lynn PE32 1SR, UK"
247,UNITED KINGDOM,GB,Newmarket,England,"Newmarket Leisure Centre Exning Road Newmarket, CB8 0EA",,07525 258987,PKJN Scott Slack,52.2502374,0.3970688,ROOFTOP,"New market leisure centre, Exning Rd, Newmarket CB8 0EA, UK"
248,UNITED KINGDOM,GB,Norwich,England,128 Hellesdon Park Road Norwich,http://www.kuksoolwonofnorwich.co.uk,01603 788838;07714 474165;01603 788838,SIKJN John Ives,52.6533149,1.2553401,ROOFTOP,"128 Hellesdon Park Rd, Norwich NR6 5DR, UK"
249,UNITED KINGDOM,GB,Oxfordshire,England,"Unit 14, Ventura Business Park Broadshires Way Carterton   OX18 1AD",http://www.kuksoolwonofwestoxfordshire.co.uk,01993 843377,PKJN Steven Clarke,51.7612056,-1.2464674,APPROXIMATE,"Oxfordshire, UK"
250,UNITED KINGDOM,GB,Peterborough,England,Thomas Deacon Academy Queens Garden Peterborough   PE1 2UW,,07717 848215,Inst. David Storey,52.587628,-0.2341032,GEOMETRIC_CENTER,"Queens Gardens, Peterborough PE1 2UW, UK"
251,UNITED KINGDOM,GB,Sevenoaks,England,"Dunton Green Primary School London Road, Dunton Green Sevenoaks, Kent",http://www.kswsevenoaks.com,07963 338544,Inst. Andy Lapham,51.2954295,0.1668175,GEOMETRIC_CENTER,"London Rd, Dunton Green, Sevenoaks TN13 2UR, UK"
252,UNITED KINGDOM,GB,Sleaford,England,"Sleaford Leisure Centre East Banks, Boston Road Sleaford, NE34 7ET",,07818 423277,PKJN Keith Slack,52.9990406,-0.4038105,GEOMETRIC_CENTER,"Boston Rd, Sleaford NG34 7HH, UK"
253,UNITED KINGDOM,GB,Stowmarket,England,Mid Suffolk Sports Centre Gainsborough Road Stowmarket,http://www.kuksoolwonofstowmarket.com,01473 747783,JDKJN Steve Whiting,52.1926382,0.9802914999999999,GEOMETRIC_CENTER,"Gainsborough Rd, Stowmarket IP14 1LH, UK"
254,UNITED KINGDOM,GB,Swaffham,England,Swaffham Leisure Centre Brandon Road Swaffham   PE37 7DY,,07941 278149,Inst. Leslie Fox,52.638947,0.6894615,GEOMETRIC_CENTER,"Brandon Rd, Swaffham PE37 7DY, UK"
255,UNITED KINGDOM,GB,Tamworth,England,Woodland Road Tamworth,,01530 273175;07880 706684;01530 273175,JIKJN John Gravenall,52.6320237,-1.6551261,GEOMETRIC_CENTER,"Woodland Rd, Tamworth B77, UK"
256,UNITED KINGDOM,GB,Thetford,England,Thetford Grammar School Bridge Street Thetford   IP24 3AF,http://www.thetfordmartialarts.com,07984 494146,PKJN Kris French,52.41318099999999,0.7448079999999999,GEOMETRIC_CENTER,"Bridge St, Thetford IP24 3AF, UK"
257,UNITED KINGDOM,GB,Watton,England,Watton Junior School Brandon Roa Watton   IP25 6AL,http://kuksoolwon-gillingwater.org/,01379 854465;07775 890359,PKJN Thomas Gillingwater,52.571123,0.8181792,GEOMETRIC_CENTER,"Brandon Rd, Watton, Thetford IP25 6AL, UK"
258,UNITED KINGDOM,GB,Weston-Super-Mare,England,"Haywood Village Academy Whitney Crescent Weston Super Mare, Somerset BS24 8ES",,07765 830020,Inst. Alison Rogers,51.3364377,-2.947272,ROOFTOP,"20 Whitney Crescent, Weston-super-Mare BS24 8ES, UK"
259,UNITED KINGDOM,GB,Widnes,England,Widnes Martial Arts Waterloo Road Widnes   WA8 0QR,http://www.kuksoolwonwidnes.co.uk,07957 222443,Inst. Karl Martindale,53.3539438,-2.7343574,GEOMETRIC_CENTER,"Waterloo Rd, Widnes WA8 0QR, UK"
260,UNITED KINGDOM,GB,Woodbridge,England,The Youth Centre The Ave Woodbridge  IP12 4BA    7880-730619,,,PKJN Paul Taylor,51.4972621,-0.0696929,ROOFTOP,"43 Old Jamaica Rd, London SE16 4TE, UK"
261,UNITED KINGDOM,GB,Wymondham,England,White Arch 59 Dereham Road Wymondham,http://www.kuksoolwon-dereham.co.uk,01603 881376;07787 121287,PKJN Chris Winter,52.6535682,1.1594674,RANGE_INTERPOLATED,"59 Dereham Rd, Easton, Norwich NR9 5EJ, UK"
262,UNITED KINGDOM,GB,Yeovil,England,"Milford Community Hall Milford Road Yeovil, Somerset BA21 4DQ",,07849 996280,Inst. Stephen Runnacles,50.942061,-2.633308,APPROXIMATE,"Yeovil, UK"
263,UNITED KINGDOM,GB,Aberdeen,Scotland,"Ruthrieston Community Centre 532-536 Holburn St Aberdeen, Scotland",,07841 066794,Inst. Chris Bird,57.1292323,-2.1179158,ROOFTOP,"532-536 Holburn St, Aberdeen AB10 7LL, UK"
264,UNITED KINGDOM,GB,Aboyne,Scotland,"NEW!!! Bridge View Road Aboyne, Aberdeenshire AB34 5JN    07899-07346",,,Inst. Earl Bashforth,57.0750958,-2.7933532,GEOMETRIC_CENTER,"Bridgeview Rd, Aboyne AB34 5JN, UK"
265,UNITED KINGDOM,GB,Banchory,Scotland,"Banchory Academy - Practice Hall Schoolhill Banchory, Kincardineshire AB31 5TQ   07899-07346",http://www.kuksoolwon-banchory.com,,Inst. Earl Bashforth,57.0530846,-2.490195,GEOMETRIC_CENTER,"School Hill, Banchory AB31 5TQ, UK"
266,UNITED KINGDOM,GB,Bathgate,Scotland,"Bathgate Academy Edinburgh Road Bathgate, W. Lothian",,07793 012426,PKJN John Edmiston,55.89664149999999,-3.6122352,GEOMETRIC_CENTER,"Edinburgh Rd, Bathgate EH48 1LF, UK"
267,UNITED KINGDOM,GB,Caithness,Scotland,"E'Shed off Naver Road Thurso, Caithness, KW14 7DT",,07788 744298,PKJN. Cathy Smith,58.59255630000001,-3.5373254,GEOMETRIC_CENTER,"Naver Rd, Thurso KW14, UK"
268,UNITED KINGDOM,GB,Dunfermline,Scotland,Queen Anne High School Broomhead Parks 150m6-878022,,,Inst. Craig Hill,56.08177209999999,-3.463796,GEOMETRIC_CENTER,"Broomhead Parks, Dunfermline KY12 0PQ, United Kingdom"
269,UNITED KINGDOM,GB,Edinburgh,Scotland,"82 Jane Street Edinburgh, EH6 5 AG",http://www.martialarts-ksw.co.uk,01324 633728;07743 885719,JIKJN Donald MacKenzie,55.9708684,-3.1757442,ROOFTOP,"82 Jane St, Edinburgh EH6 5HG, UK"
270,UNITED KINGDOM,GB,Falkirk,Scotland,"Woodlands games hall Cochrane ave Falkirk, FK1 1QE",http://www.martialarts-ksw.co.uk,01324 633728;07743 885719,JIKJN Donald MacKenzie,55.9959435,-3.7862681,GEOMETRIC_CENTER,"Cochrane St, Falkirk FK1 1QE, UK"
271,UNITED KINGDOM,GB,GLASGOW,Scotland,"NEW LOCATION ! Flat 2, 3rd Floor, Victoria Chambers 142 West Nile St Glasgow, G1 2RQ 7515-442065",http://www.familymartialarts-ksw.co.uk/,,Inst. Andrew Cameron,55.863947,-4.254121,ROOFTOP,"142 W Nile St, Glasgow G1 2RQ, UK"
272,UNITED KINGDOM,GB,Inverness-Shire,Scotland,"Inverness Sports Centre Inverness, Scotland",http://www.ksw.scotnet.co.uk,01456 486476;07712 919378;01456 486766,JIKJN Ian Cameron,57.46416689999999,-4.2398275,GEOMETRIC_CENTER,"Bught Ln, Inverness IV3 5SS, UK"
273,UNITED KINGDOM,GB,Kelty,Scotland,"NEW!!! Kelty Community Centre Main Stree, 90-92 Kelty, Scotland  KY4 0AQ",,07915 699110,Inst. Albert Wilson,56.13310999999999,-3.377893,APPROXIMATE,"Kelty KY4, UK"
274,UNITED KINGDOM,GB,Kirkaldy,Scotland,"Fitness Factor Gym Unit 1, Evans Business Centre Mirchelston Industrial Estate Kirkcaldy KY1 3NB",http://www.kuksoolwon-kirkcaldy.com,07817 460635,Inst.Graeme Temple,56.1374818,-3.1424884,GEOMETRIC_CENTER,"Mitchelston Dr, Mitchelston Industrial Estate, Kirkcaldy KY1 3NB, UK"
275,UNITED KINGDOM,GB,Livingston,Scotland,"West Lothian College Livingston, Scotland, UK",http://www.ksw-livingston.com,01506 880407;07793 012426,PKJN John Edmiston,55.8842,-3.5257368,GEOMETRIC_CENTER,"Almondvale Cres, Livingston EH54 7EP, UK"
276,UNITED KINGDOM,GB,Mey,Scotland,Mey Village Hall,,01847 893135,Inst. Katrina Magee,58.636408,-3.2315369,APPROXIMATE,"Mey, Thurso KW14 8XH, UK"
277,UNITED KINGDOM,GB,Motherwell,Scotland,O'Donnell Way Motherwell Scotland ML1 2TZ,,07967 881112,Inst. Ronan Doyle,55.7910456,-3.9631744,GEOMETRIC_CENTER,"O'Donnell Way, Wishaw, Motherwell ML1 1AD, UK"
278,UNITED KINGDOM,GB,Paisley,Scotland,"Floor 4orce Studio 12, Sir James Clark Building Seedhill, Paisley, PA1 1JT",http://www.familymartialarts-ksw.co.uk/,07511 267285,Inst. William Ennis,55.842728,-4.410845,ROOFTOP,"12 Seedhill Rd, Paisley PA1 1JS, UK"
279,UNITED KINGDOM,GB,Perth,Scotland,"NEW  in Jan 2018!!! Perth College Crieff Road Perth, Scotland PH1 2NX",,07912 978096,Inst. Richard Steel,56.4043279,-3.4615092,GEOMETRIC_CENTER,"Crieff Rd, Perth PH1 2NX, UK"
280,UNITED KINGDOM,GB,South Queensferry,Scotland,"Scout Hall Nelson Hall Port Edgar Marina South Queensferry, West Lothian EH30 9SQ",,07919 222290,Inst. Craig Hill,55.99315929999999,-3.4063173,GEOMETRIC_CENTER,"Nelson Hall, Port Edgar Marina, South Queensferry EH30 9SQ, United Kingdom"
281,UNITED KINGDOM,GB,Stirling,Scotland,"East Argyll Community Centre Colquhoun Street Braehead, Stirling, FK7 7PU",http://www.familymartialarts-ksw.co.uk/,07511 267285,Inst. William Ennis,56.1092127,-3.9271344,ROOFTOP,"70 Colquhoun St, Stirling FK7 7PX, UK"
282,UNITED KINGDOM,GB,Westhill,Scotland,Westhill Academy Hays Way Westhill AB32 6XZ,,07983 981172,Inst. Richard Walker,57.1554121,-2.2821568,GEOMETRIC_CENTER,"Hay's Way, Westhill AB32 6XZ, UK"
283,UNITED KINGDOM,GB,Wick,Scotland,"Assembly Rooms Wick, UK",,01847 894957,PKJN Bobby McRoberts,58.43922389999999,-3.0899016,ROOFTOP,"20 Sinclair Terrace, Wick KW1 5AB, UK"
284,AFGHANISTAN,AF,Bagram Air Field,,"Pat Tillman USO Bagram Air Field APO, AE",,079 479 3570,Inst. Andrew Cameron,34.9402503,69.2549736,APPROXIMATE,"Bagram, Afghanistan"
285,ARGENTINA,AR,Buenos Aires,Buenos Aires,"Samuel Morse Street No. 2146 City Merlo,   Buenos Aires",,0220 470-4506,Inst. Gustavo Vazquez,-34.6886472,-58.7498127,RANGE_INTERPOLATED,"Samuel Morse 2146, B1721GKF Merlo, Buenos Aires, Argentina"
286,ARGENTINA,AR,Colegiales,Buenos Aires,New!!! General Freire Barrio Colegiales C.A.B.A.,,0220 470-4506,Inst. Gustavo Vazquez,-34.5744789,-58.45419070000001,GEOMETRIC_CENTER,"Cap. Gral. Ramón Freire, Buenos Aires, Argentina"
287,ARGENTINA,AR,Obera,Misiones,Avellaneda 986 Obera Misiones Tel:,http://www.kuksoolwon.com.ar,03755 42-7806;03755 15-65-4276,Inst. Jose Luis Kuhlmann,-27.4907611,-55.1196095,ROOFTOP,"Nicolás Avellaneda 986, Oberá, Misiónes, Argentina"
288,ARGENTINA,AR,Obera,Misiones,"Obera Tenis Club Av. San Luis y Berutti Obera, Misiones 3360",,,Inst. Jose Gabriel Moreira,-27.4842838,-55.1270649,ROOFTOP,"Berutti s/n, Oberá, Misiónes, Argentina"
289,AUSTRALIA,AU,Baskerville,Western Australia,Swan Park Leisure Centre Baskerville WA 6056,http://www.kuksoolwonbv.com,0438 616 278,Inst. Chris Kalli,-31.8,116.019,APPROXIMATE,"Baskerville WA 6056, Australia"
290,AUSTRALIA,AU,Northern Perth,Western Australia,Balga Leisure Park 107 Princess Road Balga WA 6061,,0424 549 377,Inst. Lee Clewer,-31.854446,115.837484,ROOFTOP,"109 Princess Rd, Balga WA 6061, Australia"
291,AUSTRALIA,AU,South East Perth,Western Australia,NEW!!! Centre Road Kelmscott Perth West Australia,,0424 549 377,Inst. Lee Clewer,-32.1033893,116.0089334,GEOMETRIC_CENTER,"Centre Rd, Camillo WA 6111, Australia"
292,BELGIUM,BE,Brasschaat,Antwerpen,Spotentrum Peerdsbos Bredabaan 31 Brasschaat Antwerpen (0)6-512 282 59,,,PKJN  Robbin Baly,51.272656,4.471134999999999,ROOFTOP,"Bredabaan 31, 2930 Brasschaat, Belgium"
293,CANADA,CA,Calgary,Alberta,"Hillhurst Sunnyside Community Center 1320  5th Avenue NW, Calgary.",http://www.kuksoolwoncalgary.com,(403) 374-0013,JDKJN David Williams,51.0574029,-114.0924516,ROOFTOP,"1320 5 Ave NW, Calgary, AB T2N 0S2, Canada"
294,CANADA,CA,Vermilion,Alberta,"The Royal Canadian Legion Armouries 50th Ave, Vermilion AB Canada 750-581-9994",,,Inst. Morgan Freeman,53.3533948,-110.858332,ROOFTOP,"5144 Railway Ave, Vermilion, AB T9X 1N1, Canada"
295,CANADA,CA,Victoria,British Columbia,"City of Victoria Vancouver Island, British Columbia",http://www.kuksoolwonvictoria.com,,JDKJN Donald McCondach,48.4284207,-123.3656444,APPROXIMATE,"Victoria, BC, Canada"
296,CANADA,CA,North York - Toronto,Ontario,"1133 Leslie Street North York, Ontario M3C 2J6",http://www.kuksoolwontoronto.com,(416) 550-0758,PKJN Farshid Shabafroozan,43.7263862,-79.3483531,ROOFTOP,"1133 Leslie St, North York, ON M3C 2J6, Canada"
297,CANADA,CA,Sault Ste. Marie,Ontario,"40 White Oak Drive East Sault Ste. Marie, Ontario P6B-48J",http://www.kuksoolwonssm.ca,(705) 253-4220,JIKJN Monty Pinder,46.5378155,-84.3335125,ROOFTOP,"40 White Oak Dr E, Sault Ste. Marie, ON P6B 4J8, Canada"
298,CANADA,CA,Rouyn-Noranda,Quebec,"158, 7e Rue Rouyn-Noranda, Quebec",http://www.garneau-veilleux.ca/kuksool/,(819) 768-5318,JDKJN Normand Larocque,48.2479746,-79.0161145,ROOFTOP,"158 7e Rue, Rouyn-Noranda, QC J9X 1Z9, Canada"
299,GERMANY,DE,Baumholder,Ramstein,NEW!!! Baumholder Army Base School Road Bldg 8876 55774 Baumholder,,01516 7231992,Inst. Travis Gentry,49.445759,7.554540399999999,APPROXIMATE,"Ramstein-Miesenbach, Germany"
300,GERMANY,DE,Ramstein AFB,Ramstein,Southside Fitness Center PSC2 Bx 5975 APO AE 09012 49,http://www.kswoframstein.com,06372 91832449;0176 61277486,Inst. Michael Grimes,49.4476071,7.6081986,ROOFTOP,"2117, Jefferson Avenue, 66877 Ramstein-Miesenbach, Germany"
301,GERMANY,DE,Ramstein-Miesenbach,Ramstein,NEW!!! Kindsbacher Strasse 39D 66877 Ramstein-Miesenbach,,01516 7231992,Inst. Travis Gentry,49.4420985,7.5626979,ROOFTOP,"Kindsbacher Str. 39D, 66877 Ramstein-Miesenbach, Germany"
302,GERMANY,DE,Alsheim,Worms,NEW !! Bachstrasse 11 67577 Alsheim 49-1721-340798,,,Inst. Ibrahim Demirci,49.76726559999999,8.3414931,ROOFTOP,"Bachstraße 11, 67577 Alsheim, Germany"
303,GERMANY,DE,Ludwigsburg,Worms,NEW!!! Nonprofit Gymnastic Club MTV Bebenhauser Strabe 41 71638 Ludwigsburg,,07141 7579059,Inst. Peter Busch,48.8917915,9.209574600000002,GEOMETRIC_CENTER,"Bebenhäuser Str., 71638 Ludwigsburg, Germany"
304,GERMANY,DE,Worms,Worms,Sprotsschule Kuk Sool Won Guterhallenstrasse 2 Worms Germany 67549,http://www.kuksoolwon.de,06241 591781,SIKJN Kea Hong Kwon,49.63605500000001,8.3550357,GEOMETRIC_CENTER,"2, Güterhallenstraße, 67549 Worms, Germany"
305,IRAN,IR,Shiraz,Shiraz,Main Office Peiman Sports Club Between Hafez intersection and Atlasi Square,,071 1228 1045,Inst. Arash Alavitabar,29.6289876,52.5513518,GEOMETRIC_CENTER,"Fars Province, Shiraz, District 3, Atlasi Square, Iran"
306,IRAN,IR,Shiraz - Ariyarad,Shiraz,Shiraz - Ariyarad Club Golastan Township Inst. Mahdi Najafi,,,Inst. Mahdi Najafi,29.5917677,52.5836982,APPROXIMATE,"Shiraz, Fars Province, Iran"
307,IRAN,IR,Shiraz - Mahdiabad,Shiraz,Shiraz - Mahdiabad Club Mahidiabad Inst. Ali Neyati,,,Inst. Ali Neyati,29.5917677,52.5836982,APPROXIMATE,"Shiraz, Fars Province, Iran"
308,IRAN,IR,Shiraz - Shaghaegh,Shiraz,Shiraz - Shaghaegh Club Pasargad Blvd. Inst.  Morteza Taremi,,,Inst. Morteza  Taremi,29.5929314,52.5005801,GEOMETRIC_CENTER,"Fars Province, Shiraz, District 4, Pasargad Blvd, Iran"
309,IRAN,IR,Tehran,Tehran,"Persia Academy Golriz Ave., Motahari St., Tehran (+912) 370 64 19 (+912) 365 61 65",,,,35.7241784,51.4266534,GEOMETRIC_CENTER,"Tehran Province, Tehran, Shahid Motahari St, Iran"
310,IRAN,IR,Tehran - Janat Abad,Tehran,ASIA ACADEMY,,,,32.427908,53.688046,APPROXIMATE,Iran
311,IRAN,IR,Tehran - Koshtargah Squeir,Tehran,BAHMAN CULTURAL CENTER,,,,35.6468663,51.3986416,GEOMETRIC_CENTER,"Nazi Abad, Tehran, Tehran Province, Iran"
312,IRAN,IR,Tehran - Shahran,Tehran,TAKAFOR CULTURAL CENTER,,,,35.8081133,51.4691596,GEOMETRIC_CENTER,"Tehran Province, Tehran, District 1, Farhangsara St, Iran"
313,IRAN,IR,Tehran - Shahran,Tehran,SHOHADAY_E_KAN SPORT COMPLEX KOUHSAR BOULVARD,,,,36.300898,59.49575830000001,GEOMETRIC_CENTER,استان خراسان رضوی، مشهد، بلوار هاشميه، Iran
314,IRAN,IR,Tehran - Teharansar,Tehran,NO_1 SPORT COMPLEX OF IRAN PETROLIUM INDUSTRY BASHGAH AVEB,,,,32.427908,53.688046,APPROXIMATE,Iran
315,IRELAND,IE,Cork,Ireland,Ballinspittle community hall Ballinspittle Kinsale County Cork,http://www.kuksoolwoncork.com,087 147 6181,PKJN Matthew Boniwell,51.6634714,-8.5958016,GEOMETRIC_CENTER,"Ballinspittle, Community Centre, Carrigavulleen, Co. Cork, Ireland"
316,ITALY,IT,Aviano AFB,Aviano Afb,Aviano Air Base,,339 396 7914,Inst. George Mejia,46.0359556,12.6144653,GEOMETRIC_CENTER,"Via Pordenone, 33080 Castello d'Aviano PN, Italy"
317,JAPAN,JP,Kadena AFB,Kadena Afb,"Bldg. 109 Risner Fitness Center Kadena Air Base, Japan 81-6117-34-5128",,,Inst. Gideon Juko,26.3556897,127.7678754,GEOMETRIC_CENTER,"Kadena, Nakagami District, Okinawa Prefecture, Japan"
318,JAPAN,JP,Misawa AFB,Misawa Afb,"Bld 1044 Misawa Air Base, Japan 011-81-176-66-8203",,,,40.6964534,141.3877653,GEOMETRIC_CENTER,"Misawa Airport (MSJ), Shitasawa Misawa, Aomori Prefecture 033-0022, Japan"
319,THE NETHERLANDS,NL,Almere,Almere,Hollywoodlaan 109 Almere Stad Flevoland,http://www.kuksoolwon-flevoland.nl,06 27210883,Inst. Ramon Fa-Si-Oen,52.3719769,5.2334828,ROOFTOP,"Hollywoodlaan 109, 1325 KA Almere, Netherlands"
320,THE NETHERLANDS,NL,Amsterdam,Amsterdam | De Meern | Harlem,Echtenstein 82 B 1103 AB Amsterdam,http://www.kuksool.nl,020 600 4739;020 600 0654,PKJN  Robbin Baly,52.32483389999999,4.9604592,RANGE_INTERPOLATED,"Echtenstein 82, 1103 AA Amsterdam, Netherlands"
321,THE NETHERLANDS,NL,Lelystad,Lelystad,"Bingerden 41, 8218  AT   Lelystad",http://kuksoolwon-flevoland.nl.,06 27210883,Inst. Ramon Fa-Si-Oen,52.4979978,5.5131286,RANGE_INTERPOLATED,"Bingerden 41, 8219 AV Lelystad, Netherlands"
322,THE NETHERLANDS,NL,Rotterdam,Rotterdam,NEW location! IchiGeki Academy Nikkelstraat 21 3067GR  Rotterdam,http://www.kuksoolwon-rotterdam.com,06 15203383,Inst. Orfeo Sprang,51.9485904,4.5405804,ROOFTOP,"Nikkelstraat 21, 3067 GR Rotterdam, Netherlands"
323,NEW ZEALAND,NZ,Onewhero,Auckland,Kuk Sool Won of Onewhero The Te Kohanga Community Hall Tuakau Bridge-Port Waikato Road Te Kohanga Waikato,https://www.pukekohemartialarts.co.nz/,0210 227 7861,Inst. Jane Hurst,-37.3278075,174.9151858,APPROXIMATE,"Onewhero, New Zealand"
324,NEW ZEALAND,NZ,Pukekohe,Auckland,"Kuk Sool Won of Pukekohe Drever Gym Pukekohe High School 14 Harris St Pukekohe, 2120",http://www.kuksoolwon.co.nz,0210 227 7861,Inst. Caroline Hurst,-37.2046938,174.9065871,ROOFTOP,"14 Harris St, Auckland, Pukekohe 2120, New Zealand"
325,NORWAY,NO,Oslo,Oslo,"Smestad skole Konventveien 27 0377, Oslo Norway",http://www.kuksoolwon.no,,PKJN Hyosung Jun,59.9325431,10.6827947,ROOFTOP,"Konventveien 27, 0377 Oslo, Norway"
326,PUERTO RICO,PR,Puerto Rico,Puerto Rico,Ave Font Martello 119 Humacao P.R. 00791,,(787) 266-5729,SIKJN Richard Roper,18.150294,-65.8232276,RANGE_INTERPOLATED,"119 Sector Cuesta Los Jobos, Humacao, 00791, Puerto Rico"
327,SPAIN,ES,Barcelona (Palleja),Barcelona,"Placa De La Vila, S/N 08780 Palleja Barcelona",http://www.kuksoolwon.es,936 85 73 43,PKJN. Jordi Velasco,41.4213871,1.9972813,APPROXIMATE,"08780 Pallejà, Barcelona, Spain"
328,SPAIN,ES,Barcelona (St. Feliu),Barcelona,"Sant Llorenc, 15 08980  St. Feliu Del Llobregat Barcelona",http://www.kuksoolwon.es,936 85 73 43,PKJN. Jordi Velasco,41.3808823,2.0486253,ROOFTOP,"Carrer de Sant Llorenç, 15, 08980 Sant Feliu de Llobregat, Barcelona, Spain"
329,SPAIN,ES,Madrid,Madrid,"Escuela central de Madrid Calle de Lira, 4 28007 Madrid",http://www.kuksoolwon.es,615 31 21 14,JIKJN Luis Jose Galache,40.4083733,-3.669601,ROOFTOP,"Calle de Lira, 4, 28007 Madrid, Spain"
330,SPAIN,ES,Rivas,Madrid,"NEW!!! C/ Serero Ochoa No. 9, nave B1 28521 Rivas Vaciamadrid",http://www.kuksoolwon.info,615 31 21 14,Maria Teresa Medina Aguado,40.332459,-3.522355,GEOMETRIC_CENTER,"C/ Severo Ochoa nº9, Nave B1, 28521 Rivas-Vaciamadrid, Madrid, Spain"
331,SPAIN,ES,Murcia,Murcia,34·96·868·55·37,,,PKJN Jackie Barry,40.46366700000001,-3.74922,APPROXIMATE,Spain
332,THAILAND,TH,Bankkok,Bangkok,Bangkok,,,,13.7563309,100.5017651,APPROXIMATE,"Bangkok, Thailand"
